2025.11.20 23:28:36 INFO  Started: Metals version 1.6.3 in folders '/home/jay/B11502041_PA2' for client Visual Studio Code 1.106.2.[0m
2025.11.20 23:28:36 WARN  Using H2 2.4.240 which is newer than the version Flyway has been verified with. The latest verified version of H2 is 2.3.232.[0m
Nov 20, 2025 11:28:37 PM org.eclipse.lsp4j.jsonrpc.services.GenericEndpoint notify
INFO: Unsupported notification method: $/setTrace
2025.11.20 23:28:37 INFO  no build target found for /home/jay/B11502041_PA2/src/main/scala/cpu/Alu.scala. Using presentation compiler with project's scala-library version: 3.3.6[0m
2025.11.20 23:28:39 INFO  no build target found for /home/jay/B11502041_PA2/src/main/scala/cpu/Alu.scala. Using presentation compiler with project's scala-library version: 3.3.6[0m
2025.11.20 23:28:39 INFO  no build target found for /home/jay/B11502041_PA2/src/main/scala/cpu/Alu.scala. Using presentation compiler with project's scala-library version: 3.3.6[0m
2025.11.20 23:28:39 INFO  no build target found for /home/jay/B11502041_PA2/src/main/scala/cpu/Alu.scala. Using presentation compiler with project's scala-library version: 3.3.6[0m
2025.11.20 23:28:39 INFO  no build target found for /home/jay/B11502041_PA2/src/main/scala/cpu/Alu.scala. Using presentation compiler with project's scala-library version: 3.3.6[0m
Nov 20, 2025 11:28:39 PM org.eclipse.lsp4j.jsonrpc.RemoteEndpoint handleCancellation
WARNING: Unmatched cancel notification for request id 10
Nov 20, 2025 11:28:39 PM org.eclipse.lsp4j.jsonrpc.RemoteEndpoint handleCancellation
WARNING: Unmatched cancel notification for request id 11
Nov 20, 2025 11:28:39 PM org.eclipse.lsp4j.jsonrpc.RemoteEndpoint handleCancellation
WARNING: Unmatched cancel notification for request id 12
2025.11.20 23:32:14 INFO  no build target found for /home/jay/B11502041_PA2/src/main/scala/cpu/Regfile.scala. Using presentation compiler with project's scala-library version: 3.3.6[0m
2025.11.20 23:32:14 INFO  no build target found for /home/jay/B11502041_PA2/src/main/scala/cpu/Regfile.scala. Using presentation compiler with project's scala-library version: 3.3.6[0m
2025.11.20 23:32:22 INFO  no build target found for /home/jay/B11502041_PA2/src/main/scala/cpu/Regfile.scala. Using presentation compiler with project's scala-library version: 3.3.6[0m
2025.11.20 23:32:24 INFO  no build target found for /home/jay/B11502041_PA2/src/main/scala/cpu/Regfile.scala. Using presentation compiler with project's scala-library version: 3.3.6[0m
2025.11.20 23:32:26 INFO  no build target found for /home/jay/B11502041_PA2/src/main/scala/cpu/Regfile.scala. Using presentation compiler with project's scala-library version: 3.3.6[0m
2025.11.20 23:32:44 INFO  no build target found for /home/jay/B11502041_PA2/src/main/scala/cpu/Regfile.scala. Using presentation compiler with project's scala-library version: 3.3.6[0m
2025.11.20 23:32:44 INFO  no build target found for /home/jay/B11502041_PA2/src/main/scala/cpu/Regfile.scala. Using presentation compiler with project's scala-library version: 3.3.6[0m
2025.11.20 23:32:45 INFO  no build target found for /home/jay/B11502041_PA2/src/main/scala/cpu/Regfile.scala. Using presentation compiler with project's scala-library version: 3.3.6[0m
2025.11.20 23:32:46 INFO  no build target found for /home/jay/B11502041_PA2/src/main/scala/cpu/Regfile.scala. Using presentation compiler with project's scala-library version: 3.3.6[0m
2025.11.20 23:32:45 INFO  no build target found for /home/jay/B11502041_PA2/src/main/scala/cpu/Regfile.scala. Using presentation compiler with project's scala-library version: 3.3.6[0m
2025.11.20 23:32:45 INFO  no build target found for /home/jay/B11502041_PA2/src/main/scala/cpu/Regfile.scala. Using presentation compiler with project's scala-library version: 3.3.6[0m
2025.11.20 23:32:46 INFO  no build target found for /home/jay/B11502041_PA2/src/main/scala/cpu/Regfile.scala. Using presentation compiler with project's scala-library version: 3.3.6[0m
2025.11.20 23:33:01 INFO  no build target found for /home/jay/B11502041_PA2/src/main/scala/cpu/Regfile.scala. Using presentation compiler with project's scala-library version: 3.3.6[0m
2025.11.20 23:33:01 INFO  no build target found for /home/jay/B11502041_PA2/src/main/scala/cpu/Regfile.scala. Using presentation compiler with project's scala-library version: 3.3.6[0m
2025.11.20 23:33:01 INFO  no build target found for /home/jay/B11502041_PA2/src/main/scala/cpu/Regfile.scala. Using presentation compiler with project's scala-library version: 3.3.6[0m
2025.11.20 23:33:02 INFO  no build target found for /home/jay/B11502041_PA2/src/main/scala/cpu/Regfile.scala. Using presentation compiler with project's scala-library version: 3.3.6[0m
2025.11.20 23:33:02 INFO  no build target found for /home/jay/B11502041_PA2/src/main/scala/cpu/Regfile.scala. Using presentation compiler with project's scala-library version: 3.3.6[0m
2025.11.20 23:33:02 INFO  no build target found for /home/jay/B11502041_PA2/src/main/scala/cpu/Regfile.scala. Using presentation compiler with project's scala-library version: 3.3.6[0m
2025.11.20 23:33:02 INFO  no build target found for /home/jay/B11502041_PA2/src/main/scala/cpu/Regfile.scala. Using presentation compiler with project's scala-library version: 3.3.6[0m
2025.11.20 23:33:04 INFO  no build target found for /home/jay/B11502041_PA2/src/main/scala/cpu/Regfile.scala. Using presentation compiler with project's scala-library version: 3.3.6[0m
2025.11.20 23:33:04 INFO  no build target found for /home/jay/B11502041_PA2/src/main/scala/cpu/Regfile.scala. Using presentation compiler with project's scala-library version: 3.3.6[0m
2025.11.20 23:33:04 INFO  no build target found for /home/jay/B11502041_PA2/src/main/scala/cpu/Regfile.scala. Using presentation compiler with project's scala-library version: 3.3.6[0m
2025.11.20 23:33:27 INFO  no build target found for /home/jay/B11502041_PA2/src/main/scala/cpu/Regfile.scala. Using presentation compiler with project's scala-library version: 3.3.6[0m
2025.11.20 23:33:27 INFO  no build target found for /home/jay/B11502041_PA2/src/main/scala/cpu/Regfile.scala. Using presentation compiler with project's scala-library version: 3.3.6[0m
2025.11.20 23:33:27 INFO  no build target found for /home/jay/B11502041_PA2/src/main/scala/cpu/Regfile.scala. Using presentation compiler with project's scala-library version: 3.3.6[0m
2025.11.20 23:33:28 INFO  no build target found for /home/jay/B11502041_PA2/src/main/scala/cpu/Regfile.scala. Using presentation compiler with project's scala-library version: 3.3.6[0m
2025.11.20 23:33:27 INFO  no build target found for /home/jay/B11502041_PA2/src/main/scala/cpu/Regfile.scala. Using presentation compiler with project's scala-library version: 3.3.6[0m
2025.11.20 23:33:28 INFO  no build target found for /home/jay/B11502041_PA2/src/main/scala/cpu/Regfile.scala. Using presentation compiler with project's scala-library version: 3.3.6[0m
2025.11.20 23:33:28 WARN  no build target for: /home/jay/B11502041_PA2/src/main/scala/cpu/Regfile.scala[0m
2025.11.20 23:33:28 INFO  no build target found for /home/jay/B11502041_PA2/src/main/scala/cpu/Regfile.scala. Using presentation compiler with project's scala-library version: 3.3.6[0m
2025.11.20 23:33:27 INFO  no build target found for /home/jay/B11502041_PA2/src/main/scala/cpu/Regfile.scala. Using presentation compiler with project's scala-library version: 3.3.6[0m
2025.11.20 23:33:31 INFO  no build target found for /home/jay/B11502041_PA2/src/main/scala/cpu/Reg_IF_ID.scala. Using presentation compiler with project's scala-library version: 3.3.6[0m
2025.11.20 23:33:31 INFO  no build target found for /home/jay/B11502041_PA2/src/main/scala/cpu/Reg_IF_ID.scala. Using presentation compiler with project's scala-library version: 3.3.6[0m
2025.11.20 23:33:31 INFO  no build target found for /home/jay/B11502041_PA2/src/main/scala/cpu/Reg_IF_ID.scala. Using presentation compiler with project's scala-library version: 3.3.6[0m
2025.11.20 23:33:32 INFO  no build target found for /home/jay/B11502041_PA2/src/main/scala/cpu/Reg_IF_ID.scala. Using presentation compiler with project's scala-library version: 3.3.6[0m
2025.11.20 23:33:43 INFO  no build target found for /home/jay/B11502041_PA2/src/main/scala/cpu/Reg_IF_ID.scala. Using presentation compiler with project's scala-library version: 3.3.6[0m
2025.11.20 23:33:43 INFO  no build target found for /home/jay/B11502041_PA2/src/main/scala/cpu/Bundles.scala. Using presentation compiler with project's scala-library version: 3.3.6[0m
2025.11.20 23:33:43 INFO  no build target found for /home/jay/B11502041_PA2/src/main/scala/cpu/Bundles.scala. Using presentation compiler with project's scala-library version: 3.3.6[0m
2025.11.20 23:33:43 INFO  no build target found for /home/jay/B11502041_PA2/src/main/scala/cpu/Alu.scala. Using presentation compiler with project's scala-library version: 3.3.6[0m
2025.11.20 23:33:44 WARN  no build target for: /home/jay/B11502041_PA2/src/main/scala/cpu/Alu.scala[0m
2025.11.20 23:33:44 INFO  no build target found for /home/jay/B11502041_PA2/src/main/scala/cpu/Alu.scala. Using presentation compiler with project's scala-library version: 3.3.6[0m
2025.11.20 23:34:04 INFO  no build target found for /home/jay/B11502041_PA2/src/main/scala/cpu/Alu.scala. Using presentation compiler with project's scala-library version: 3.3.6[0m
2025.11.20 23:34:05 INFO  no build target found for /home/jay/B11502041_PA2/src/main/scala/cpu/Alu.scala. Using presentation compiler with project's scala-library version: 3.3.6[0m
2025.11.20 23:34:44 INFO  no build target found for /home/jay/B11502041_PA2/src/main/scala/cpu/Alu.scala. Using presentation compiler with project's scala-library version: 3.3.6[0m
2025.11.20 23:34:48 INFO  no build target found for /home/jay/B11502041_PA2/src/main/scala/cpu/Alu.scala. Using presentation compiler with project's scala-library version: 3.3.6[0m
2025.11.20 23:34:50 INFO  no build target found for /home/jay/B11502041_PA2/src/main/scala/cpu/Alu.scala. Using presentation compiler with project's scala-library version: 3.3.6[0m
2025.11.20 23:34:50 INFO  no build target found for /home/jay/B11502041_PA2/src/main/scala/cpu/Alu.scala. Using presentation compiler with project's scala-library version: 3.3.6[0m
2025.11.20 23:34:50 INFO  no build target found for /home/jay/B11502041_PA2/src/main/scala/cpu/Alu.scala. Using presentation compiler with project's scala-library version: 3.3.6[0m
2025.11.20 23:34:52 INFO  no build target found for /home/jay/B11502041_PA2/src/main/scala/cpu/Alu.scala. Using presentation compiler with project's scala-library version: 3.3.6[0m
2025.11.20 23:34:52 INFO  no build target found for /home/jay/B11502041_PA2/src/main/scala/cpu/Alu.scala. Using presentation compiler with project's scala-library version: 3.3.6[0m
2025.11.20 23:34:53 INFO  no build target found for /home/jay/B11502041_PA2/src/main/scala/cpu/Alu.scala. Using presentation compiler with project's scala-library version: 3.3.6[0m
2025.11.20 23:35:10 INFO  no build target found for /home/jay/B11502041_PA2/src/main/scala/cpu/Alu.scala. Using presentation compiler with project's scala-library version: 3.3.6[0m
2025.11.20 23:35:10 INFO  no build target found for /home/jay/B11502041_PA2/src/main/scala/cpu/Alu.scala. Using presentation compiler with project's scala-library version: 3.3.6[0m
2025.11.20 23:35:11 INFO  no build target found for /home/jay/B11502041_PA2/src/main/scala/cpu/Alu.scala. Using presentation compiler with project's scala-library version: 3.3.6[0m
2025.11.20 23:35:11 INFO  no build target found for /home/jay/B11502041_PA2/src/main/scala/cpu/Alu.scala. Using presentation compiler with project's scala-library version: 3.3.6[0m
2025.11.20 23:35:11 INFO  no build target found for /home/jay/B11502041_PA2/src/main/scala/cpu/Alu.scala. Using presentation compiler with project's scala-library version: 3.3.6[0m
2025.11.20 23:35:12 INFO  no build target found for /home/jay/B11502041_PA2/src/main/scala/cpu/Alu.scala. Using presentation compiler with project's scala-library version: 3.3.6[0m
2025.11.20 23:35:11 INFO  no build target found for /home/jay/B11502041_PA2/src/main/scala/cpu/Alu.scala. Using presentation compiler with project's scala-library version: 3.3.6[0m
2025.11.20 23:35:13 INFO  no build target found for /home/jay/B11502041_PA2/src/main/scala/cpu/Alu.scala. Using presentation compiler with project's scala-library version: 3.3.6[0m
2025.11.20 23:35:14 INFO  no build target found for /home/jay/B11502041_PA2/src/main/scala/cpu/Alu.scala. Using presentation compiler with project's scala-library version: 3.3.6[0m
2025.11.20 23:35:37 INFO  no build target found for /home/jay/B11502041_PA2/src/main/scala/cpu/Alu.scala. Using presentation compiler with project's scala-library version: 3.3.6[0m
2025.11.20 23:35:37 INFO  no build target found for /home/jay/B11502041_PA2/src/main/scala/cpu/Alu.scala. Using presentation compiler with project's scala-library version: 3.3.6[0m
2025.11.20 23:35:37 INFO  no build target found for /home/jay/B11502041_PA2/src/main/scala/cpu/Alu.scala. Using presentation compiler with project's scala-library version: 3.3.6[0m
2025.11.20 23:35:38 INFO  no build target found for /home/jay/B11502041_PA2/src/main/scala/cpu/Alu.scala. Using presentation compiler with project's scala-library version: 3.3.6[0m
2025.11.20 23:35:39 INFO  no build target found for /home/jay/B11502041_PA2/src/main/scala/cpu/Alu.scala. Using presentation compiler with project's scala-library version: 3.3.6[0m
2025.11.20 23:35:39 INFO  no build target found for /home/jay/B11502041_PA2/src/main/scala/cpu/Alu.scala. Using presentation compiler with project's scala-library version: 3.3.6[0m
2025.11.20 23:35:41 INFO  no build target found for /home/jay/B11502041_PA2/src/main/scala/cpu/Alu.scala. Using presentation compiler with project's scala-library version: 3.3.6[0m
2025.11.20 23:35:41 INFO  no build target found for /home/jay/B11502041_PA2/src/main/scala/cpu/Alu.scala. Using presentation compiler with project's scala-library version: 3.3.6[0m
2025.11.20 23:35:41 INFO  no build target found for /home/jay/B11502041_PA2/src/main/scala/cpu/Alu.scala. Using presentation compiler with project's scala-library version: 3.3.6[0m
2025.11.20 23:35:41 INFO  no build target found for /home/jay/B11502041_PA2/src/main/scala/cpu/Alu.scala. Using presentation compiler with project's scala-library version: 3.3.6[0m
2025.11.20 23:35:41 INFO  no build target found for /home/jay/B11502041_PA2/src/main/scala/cpu/Alu.scala. Using presentation compiler with project's scala-library version: 3.3.6[0m
2025.11.20 23:35:41 INFO  no build target found for /home/jay/B11502041_PA2/src/main/scala/cpu/Alu.scala. Using presentation compiler with project's scala-library version: 3.3.6[0m
2025.11.20 23:35:41 INFO  no build target found for /home/jay/B11502041_PA2/src/main/scala/cpu/Alu.scala. Using presentation compiler with project's scala-library version: 3.3.6[0m
2025.11.20 23:35:43 INFO  no build target found for /home/jay/B11502041_PA2/src/main/scala/cpu/Alu.scala. Using presentation compiler with project's scala-library version: 3.3.6[0m
2025.11.20 23:35:43 INFO  no build target found for /home/jay/B11502041_PA2/src/main/scala/cpu/Alu.scala. Using presentation compiler with project's scala-library version: 3.3.6[0m
2025.11.20 23:35:44 INFO  no build target found for /home/jay/B11502041_PA2/src/main/scala/cpu/Alu.scala. Using presentation compiler with project's scala-library version: 3.3.6[0m
2025.11.20 23:35:43 INFO  no build target found for /home/jay/B11502041_PA2/src/main/scala/cpu/Alu.scala. Using presentation compiler with project's scala-library version: 3.3.6[0m
2025.11.20 23:35:44 INFO  no build target found for /home/jay/B11502041_PA2/src/main/scala/cpu/Alu.scala. Using presentation compiler with project's scala-library version: 3.3.6[0m
2025.11.20 23:35:44 WARN  no build target for: /home/jay/B11502041_PA2/src/main/scala/cpu/Alu.scala[0m
2025.11.20 23:35:44 INFO  no build target found for /home/jay/B11502041_PA2/src/main/scala/cpu/Alu.scala. Using presentation compiler with project's scala-library version: 3.3.6[0m
2025.11.20 23:35:44 INFO  Created report: Optional[file:///home/jay/B11502041_PA2/src/main/scala/cpu/Alu.scala][0m
2025.11.20 23:35:44 INFO  empty definition using pc, found symbol in pc: `<none>`. (full report at: "/home/jay/B11502041_PA2/.metals/.reports/metals-full/2025-11-20/r_empty-definition_23-35-44-398.md")[0m
2025.11.20 23:35:44 INFO  empty definition using pc, found symbol in pc: `<none>`. (full report at: "/home/jay/B11502041_PA2/.metals/.reports/metals-full/2025-11-20/r_empty-definition_23-35-44-398.md")[0m
2025.11.20 23:35:44 INFO  no build target found for /home/jay/B11502041_PA2/src/main/scala/cpu/Alu.scala. Using presentation compiler with project's scala-library version: 3.3.6[0m
2025.11.20 23:35:44 INFO  no build target found for /home/jay/B11502041_PA2/src/main/scala/cpu/Alu.scala. Using presentation compiler with project's scala-library version: 3.3.6[0m
2025.11.20 23:35:44 INFO  no build target found for /home/jay/B11502041_PA2/src/main/scala/cpu/Alu.scala. Using presentation compiler with project's scala-library version: 3.3.6[0m
2025.11.20 23:35:44 INFO  no build target found for /home/jay/B11502041_PA2/src/main/scala/cpu/Alu.scala. Using presentation compiler with project's scala-library version: 3.3.6[0m
2025.11.20 23:35:44 INFO  no build target found for /home/jay/B11502041_PA2/src/main/scala/cpu/Alu.scala. Using presentation compiler with project's scala-library version: 3.3.6[0m
2025.11.20 23:35:45 INFO  empty definition using pc, found symbol in pc: `<none>`. (full report at: "/home/jay/B11502041_PA2/.metals/.reports/metals-full/2025-11-20/r_empty-definition_23-35-44-398.md")[0m
2025.11.20 23:35:45 WARN  no build target for: /home/jay/B11502041_PA2/src/main/scala/cpu/Alu.scala[0m
2025.11.20 23:35:45 INFO  no build target found for /home/jay/B11502041_PA2/src/main/scala/cpu/Alu.scala. Using presentation compiler with project's scala-library version: 3.3.6[0m
2025.11.20 23:36:05 INFO  no build target found for /home/jay/B11502041_PA2/src/main/scala/cpu/Alu.scala. Using presentation compiler with project's scala-library version: 3.3.6[0m
2025.11.20 23:36:07 INFO  no build target found for /home/jay/B11502041_PA2/src/main/scala/cpu/Core.scala. Using presentation compiler with project's scala-library version: 3.3.6[0m
2025.11.20 23:36:07 INFO  no build target found for /home/jay/B11502041_PA2/src/main/scala/cpu/Core.scala. Using presentation compiler with project's scala-library version: 3.3.6[0m
2025.11.20 23:36:07 INFO  no build target found for /home/jay/B11502041_PA2/src/main/scala/cpu/Alu.scala. Using presentation compiler with project's scala-library version: 3.3.6[0m
2025.11.20 23:36:07 WARN  no build target for: /home/jay/B11502041_PA2/src/main/scala/cpu/Alu.scala[0m
2025.11.20 23:36:07 INFO  no build target found for /home/jay/B11502041_PA2/src/main/scala/cpu/Alu.scala. Using presentation compiler with project's scala-library version: 3.3.6[0m
2025.11.20 23:36:07 INFO  no build target found for /home/jay/B11502041_PA2/src/main/scala/cpu/Alu.scala. Using presentation compiler with project's scala-library version: 3.3.6[0m
2025.11.20 23:36:08 INFO  no build target found for /home/jay/B11502041_PA2/src/main/scala/cpu/Alu.scala. Using presentation compiler with project's scala-library version: 3.3.6[0m
2025.11.20 23:36:08 INFO  no build target found for /home/jay/B11502041_PA2/src/main/scala/cpu/Alu.scala. Using presentation compiler with project's scala-library version: 3.3.6[0m
2025.11.20 23:36:08 INFO  no build target found for /home/jay/B11502041_PA2/src/main/scala/cpu/Alu.scala. Using presentation compiler with project's scala-library version: 3.3.6[0m
2025.11.20 23:36:09 INFO  no build target found for /home/jay/B11502041_PA2/src/main/scala/cpu/Alu.scala. Using presentation compiler with project's scala-library version: 3.3.6[0m
2025.11.20 23:36:10 INFO  no build target found for /home/jay/B11502041_PA2/src/main/scala/cpu/Alu.scala. Using presentation compiler with project's scala-library version: 3.3.6[0m
2025.11.20 23:36:10 INFO  no build target found for /home/jay/B11502041_PA2/src/main/scala/cpu/Alu.scala. Using presentation compiler with project's scala-library version: 3.3.6[0m
2025.11.20 23:36:10 INFO  no build target found for /home/jay/B11502041_PA2/src/main/scala/cpu/Alu.scala. Using presentation compiler with project's scala-library version: 3.3.6[0m
2025.11.20 23:36:13 INFO  no build target found for /home/jay/B11502041_PA2/src/main/scala/cpu/Alu.scala. Using presentation compiler with project's scala-library version: 3.3.6[0m
2025.11.20 23:36:17 INFO  no build target found for /home/jay/B11502041_PA2/src/main/scala/cpu/Alu.scala. Using presentation compiler with project's scala-library version: 3.3.6[0m
2025.11.20 23:36:32 INFO  no build target found for /home/jay/B11502041_PA2/src/main/scala/cpu/Alu.scala. Using presentation compiler with project's scala-library version: 3.3.6[0m
2025.11.20 23:36:51 INFO  no build target found for /home/jay/B11502041_PA2/src/main/scala/cpu/Alu.scala. Using presentation compiler with project's scala-library version: 3.3.6[0m
2025.11.20 23:36:54 WARN  no build target for: /home/jay/B11502041_PA2/src/main/scala/cpu/Alu.scala[0m
2025.11.20 23:36:54 INFO  no build target found for /home/jay/B11502041_PA2/src/main/scala/cpu/Alu.scala. Using presentation compiler with project's scala-library version: 3.3.6[0m
2025.11.20 23:36:54 INFO  no build target found for /home/jay/B11502041_PA2/src/main/scala/cpu/Alu.scala. Using presentation compiler with project's scala-library version: 3.3.6[0m
2025.11.20 23:36:58 WARN  no build target for: /home/jay/B11502041_PA2/src/main/scala/cpu/Alu.scala[0m
2025.11.20 23:36:58 INFO  no build target found for /home/jay/B11502041_PA2/src/main/scala/cpu/Alu.scala. Using presentation compiler with project's scala-library version: 3.3.6[0m
2025.11.20 23:38:08 INFO  no build target found for /home/jay/B11502041_PA2/src/main/scala/cpu/Alu.scala. Using presentation compiler with project's scala-library version: 3.3.6[0m
2025.11.20 23:38:08 INFO  no build target found for /home/jay/B11502041_PA2/src/main/scala/cpu/Alu.scala. Using presentation compiler with project's scala-library version: 3.3.6[0m
2025.11.20 23:38:08 INFO  no build target found for /home/jay/B11502041_PA2/src/main/scala/cpu/Alu.scala. Using presentation compiler with project's scala-library version: 3.3.6[0m
2025.11.20 23:38:14 WARN  no build target for: /home/jay/B11502041_PA2/src/main/scala/cpu/Alu.scala[0m
2025.11.20 23:38:14 INFO  no build target found for /home/jay/B11502041_PA2/src/main/scala/cpu/Alu.scala. Using presentation compiler with project's scala-library version: 3.3.6[0m
2025.11.20 23:38:15 INFO  no build target found for /home/jay/B11502041_PA2/src/main/scala/cpu/Alu.scala. Using presentation compiler with project's scala-library version: 3.3.6[0m
2025.11.20 23:39:14 INFO  no build target found for /home/jay/B11502041_PA2/src/main/scala/cpu/Alu.scala. Using presentation compiler with project's scala-library version: 3.3.6[0m
2025.11.20 23:39:14 INFO  no build target found for /home/jay/B11502041_PA2/src/main/scala/cpu/Alu.scala. Using presentation compiler with project's scala-library version: 3.3.6[0m
2025.11.20 23:39:33 INFO  no build target found for /home/jay/B11502041_PA2/src/main/scala/cpu/Alu.scala. Using presentation compiler with project's scala-library version: 3.3.6[0m
2025.11.20 23:39:33 INFO  no build target found for /home/jay/B11502041_PA2/src/main/scala/cpu/Alu.scala. Using presentation compiler with project's scala-library version: 3.3.6[0m
2025.11.20 23:39:34 INFO  no build target found for /home/jay/B11502041_PA2/src/main/scala/cpu/Alu.scala. Using presentation compiler with project's scala-library version: 3.3.6[0m
2025.11.20 23:39:34 INFO  no build target found for /home/jay/B11502041_PA2/src/main/scala/cpu/Alu.scala. Using presentation compiler with project's scala-library version: 3.3.6[0m
2025.11.20 23:39:38 INFO  no build target found for /home/jay/B11502041_PA2/src/main/scala/cpu/Alu.scala. Using presentation compiler with project's scala-library version: 3.3.6[0m
2025.11.20 23:39:39 INFO  no build target found for /home/jay/B11502041_PA2/src/main/scala/cpu/Alu.scala. Using presentation compiler with project's scala-library version: 3.3.6[0m
2025.11.20 23:39:39 INFO  no build target found for /home/jay/B11502041_PA2/src/main/scala/cpu/Alu.scala. Using presentation compiler with project's scala-library version: 3.3.6[0m
2025.11.20 23:39:41 INFO  no build target found for /home/jay/B11502041_PA2/src/main/scala/cpu/Alu.scala. Using presentation compiler with project's scala-library version: 3.3.6[0m
2025.11.20 23:39:41 INFO  no build target found for /home/jay/B11502041_PA2/src/main/scala/cpu/Alu.scala. Using presentation compiler with project's scala-library version: 3.3.6[0m
2025.11.20 23:39:41 INFO  no build target found for /home/jay/B11502041_PA2/src/main/scala/cpu/Alu.scala. Using presentation compiler with project's scala-library version: 3.3.6[0m
2025.11.20 23:39:41 INFO  no build target found for /home/jay/B11502041_PA2/src/main/scala/cpu/Alu.scala. Using presentation compiler with project's scala-library version: 3.3.6[0m
2025.11.20 23:39:42 INFO  no build target found for /home/jay/B11502041_PA2/src/main/scala/cpu/Alu.scala. Using presentation compiler with project's scala-library version: 3.3.6[0m
2025.11.20 23:39:42 INFO  no build target found for /home/jay/B11502041_PA2/src/main/scala/cpu/Alu.scala. Using presentation compiler with project's scala-library version: 3.3.6[0m
2025.11.20 23:39:42 INFO  no build target found for /home/jay/B11502041_PA2/src/main/scala/cpu/Alu.scala. Using presentation compiler with project's scala-library version: 3.3.6[0m
2025.11.20 23:39:42 INFO  no build target found for /home/jay/B11502041_PA2/src/main/scala/cpu/Alu.scala. Using presentation compiler with project's scala-library version: 3.3.6[0m
2025.11.20 23:39:43 INFO  no build target found for /home/jay/B11502041_PA2/src/main/scala/cpu/Alu.scala. Using presentation compiler with project's scala-library version: 3.3.6[0m
2025.11.20 23:39:43 INFO  no build target found for /home/jay/B11502041_PA2/src/main/scala/cpu/Alu.scala. Using presentation compiler with project's scala-library version: 3.3.6[0m
2025.11.20 23:39:43 INFO  no build target found for /home/jay/B11502041_PA2/src/main/scala/cpu/Alu.scala. Using presentation compiler with project's scala-library version: 3.3.6[0m
2025.11.20 23:39:43 INFO  no build target found for /home/jay/B11502041_PA2/src/main/scala/cpu/Alu.scala. Using presentation compiler with project's scala-library version: 3.3.6[0m
2025.11.20 23:39:43 INFO  no build target found for /home/jay/B11502041_PA2/src/main/scala/cpu/Alu.scala. Using presentation compiler with project's scala-library version: 3.3.6[0m
2025.11.20 23:39:43 INFO  no build target found for /home/jay/B11502041_PA2/src/main/scala/cpu/Alu.scala. Using presentation compiler with project's scala-library version: 3.3.6[0m
2025.11.20 23:39:43 INFO  no build target found for /home/jay/B11502041_PA2/src/main/scala/cpu/Alu.scala. Using presentation compiler with project's scala-library version: 3.3.6[0m
2025.11.20 23:39:44 INFO  no build target found for /home/jay/B11502041_PA2/src/main/scala/cpu/Alu.scala. Using presentation compiler with project's scala-library version: 3.3.6[0m
2025.11.20 23:39:47 INFO  no build target found for /home/jay/B11502041_PA2/src/main/scala/cpu/Alu.scala. Using presentation compiler with project's scala-library version: 3.3.6[0m
2025.11.20 23:39:47 INFO  no build target found for /home/jay/B11502041_PA2/src/main/scala/cpu/Alu.scala. Using presentation compiler with project's scala-library version: 3.3.6[0m
2025.11.20 23:39:47 INFO  no build target found for /home/jay/B11502041_PA2/src/main/scala/cpu/Alu.scala. Using presentation compiler with project's scala-library version: 3.3.6[0m
2025.11.20 23:39:47 INFO  no build target found for /home/jay/B11502041_PA2/src/main/scala/cpu/Alu.scala. Using presentation compiler with project's scala-library version: 3.3.6[0m
2025.11.20 23:39:47 INFO  no build target found for /home/jay/B11502041_PA2/src/main/scala/cpu/Alu.scala. Using presentation compiler with project's scala-library version: 3.3.6[0m
2025.11.20 23:39:47 INFO  no build target found for /home/jay/B11502041_PA2/src/main/scala/cpu/Alu.scala. Using presentation compiler with project's scala-library version: 3.3.6[0m
2025.11.20 23:39:47 INFO  no build target found for /home/jay/B11502041_PA2/src/main/scala/cpu/Alu.scala. Using presentation compiler with project's scala-library version: 3.3.6[0m
2025.11.20 23:39:48 INFO  no build target found for /home/jay/B11502041_PA2/src/main/scala/cpu/Alu.scala. Using presentation compiler with project's scala-library version: 3.3.6[0m
2025.11.20 23:39:48 INFO  no build target found for /home/jay/B11502041_PA2/src/main/scala/cpu/Alu.scala. Using presentation compiler with project's scala-library version: 3.3.6[0m
2025.11.20 23:39:48 INFO  no build target found for /home/jay/B11502041_PA2/src/main/scala/cpu/Alu.scala. Using presentation compiler with project's scala-library version: 3.3.6[0m
2025.11.20 23:39:48 INFO  no build target found for /home/jay/B11502041_PA2/src/main/scala/cpu/Alu.scala. Using presentation compiler with project's scala-library version: 3.3.6[0m
2025.11.20 23:39:51 INFO  no build target found for /home/jay/B11502041_PA2/src/main/scala/cpu/Alu.scala. Using presentation compiler with project's scala-library version: 3.3.6[0m
2025.11.20 23:39:51 INFO  no build target found for /home/jay/B11502041_PA2/src/main/scala/cpu/Alu.scala. Using presentation compiler with project's scala-library version: 3.3.6[0m
2025.11.20 23:39:51 INFO  no build target found for /home/jay/B11502041_PA2/src/main/scala/cpu/Alu.scala. Using presentation compiler with project's scala-library version: 3.3.6[0m
2025.11.20 23:39:55 INFO  no build target found for /home/jay/B11502041_PA2/src/main/scala/cpu/Alu.scala. Using presentation compiler with project's scala-library version: 3.3.6[0m
2025.11.20 23:39:56 INFO  no build target found for /home/jay/B11502041_PA2/src/main/scala/cpu/Alu.scala. Using presentation compiler with project's scala-library version: 3.3.6[0m
2025.11.20 23:39:56 INFO  no build target found for /home/jay/B11502041_PA2/src/main/scala/cpu/Alu.scala. Using presentation compiler with project's scala-library version: 3.3.6[0m
2025.11.20 23:39:56 INFO  no build target found for /home/jay/B11502041_PA2/src/main/scala/cpu/Alu.scala. Using presentation compiler with project's scala-library version: 3.3.6[0m
2025.11.20 23:39:57 INFO  no build target found for /home/jay/B11502041_PA2/src/main/scala/cpu/Alu.scala. Using presentation compiler with project's scala-library version: 3.3.6[0m
2025.11.20 23:40:06 INFO  no build target found for /home/jay/B11502041_PA2/src/main/scala/cpu/Alu.scala. Using presentation compiler with project's scala-library version: 3.3.6[0m
2025.11.20 23:40:06 INFO  no build target found for /home/jay/B11502041_PA2/src/main/scala/cpu/Alu.scala. Using presentation compiler with project's scala-library version: 3.3.6[0m
2025.11.20 23:40:07 INFO  no build target found for /home/jay/B11502041_PA2/src/main/scala/cpu/Alu.scala. Using presentation compiler with project's scala-library version: 3.3.6[0m
2025.11.20 23:40:08 INFO  no build target found for /home/jay/B11502041_PA2/src/main/scala/cpu/Alu.scala. Using presentation compiler with project's scala-library version: 3.3.6[0m
2025.11.20 23:40:08 INFO  no build target found for /home/jay/B11502041_PA2/src/main/scala/cpu/Alu.scala. Using presentation compiler with project's scala-library version: 3.3.6[0m
2025.11.20 23:40:12 INFO  no build target found for /home/jay/B11502041_PA2/src/main/scala/cpu/Alu.scala. Using presentation compiler with project's scala-library version: 3.3.6[0m
2025.11.20 23:40:13 INFO  no build target found for /home/jay/B11502041_PA2/src/main/scala/cpu/Alu.scala. Using presentation compiler with project's scala-library version: 3.3.6[0m
2025.11.20 23:40:12 INFO  no build target found for /home/jay/B11502041_PA2/src/main/scala/cpu/Alu.scala. Using presentation compiler with project's scala-library version: 3.3.6[0m
2025.11.20 23:40:13 INFO  no build target found for /home/jay/B11502041_PA2/src/main/scala/cpu/Alu.scala. Using presentation compiler with project's scala-library version: 3.3.6[0m
2025.11.20 23:40:13 INFO  no build target found for /home/jay/B11502041_PA2/src/main/scala/cpu/Alu.scala. Using presentation compiler with project's scala-library version: 3.3.6[0m
2025.11.20 23:40:13 INFO  no build target found for /home/jay/B11502041_PA2/src/main/scala/cpu/Alu.scala. Using presentation compiler with project's scala-library version: 3.3.6[0m
2025.11.20 23:40:13 INFO  no build target found for /home/jay/B11502041_PA2/src/main/scala/cpu/Alu.scala. Using presentation compiler with project's scala-library version: 3.3.6[0m
2025.11.20 23:40:13 INFO  no build target found for /home/jay/B11502041_PA2/src/main/scala/cpu/Alu.scala. Using presentation compiler with project's scala-library version: 3.3.6[0m
2025.11.20 23:40:13 INFO  no build target found for /home/jay/B11502041_PA2/src/main/scala/cpu/Alu.scala. Using presentation compiler with project's scala-library version: 3.3.6[0m
2025.11.20 23:40:14 INFO  no build target found for /home/jay/B11502041_PA2/src/main/scala/cpu/Alu.scala. Using presentation compiler with project's scala-library version: 3.3.6[0m
2025.11.20 23:40:13 INFO  no build target found for /home/jay/B11502041_PA2/src/main/scala/cpu/Alu.scala. Using presentation compiler with project's scala-library version: 3.3.6[0m
2025.11.20 23:40:15 INFO  no build target found for /home/jay/B11502041_PA2/src/main/scala/cpu/Alu.scala. Using presentation compiler with project's scala-library version: 3.3.6[0m
2025.11.20 23:40:15 INFO  no build target found for /home/jay/B11502041_PA2/src/main/scala/cpu/Alu.scala. Using presentation compiler with project's scala-library version: 3.3.6[0m
2025.11.20 23:40:15 INFO  no build target found for /home/jay/B11502041_PA2/src/main/scala/cpu/Alu.scala. Using presentation compiler with project's scala-library version: 3.3.6[0m
2025.11.20 23:40:15 INFO  no build target found for /home/jay/B11502041_PA2/src/main/scala/cpu/Alu.scala. Using presentation compiler with project's scala-library version: 3.3.6[0m
2025.11.20 23:40:15 INFO  no build target found for /home/jay/B11502041_PA2/src/main/scala/cpu/Alu.scala. Using presentation compiler with project's scala-library version: 3.3.6[0m
2025.11.20 23:40:15 INFO  no build target found for /home/jay/B11502041_PA2/src/main/scala/cpu/Alu.scala. Using presentation compiler with project's scala-library version: 3.3.6[0m
2025.11.20 23:40:15 INFO  no build target found for /home/jay/B11502041_PA2/src/main/scala/cpu/Alu.scala. Using presentation compiler with project's scala-library version: 3.3.6[0m
2025.11.20 23:40:15 INFO  no build target found for /home/jay/B11502041_PA2/src/main/scala/cpu/Alu.scala. Using presentation compiler with project's scala-library version: 3.3.6[0m
2025.11.20 23:40:15 INFO  no build target found for /home/jay/B11502041_PA2/src/main/scala/cpu/Alu.scala. Using presentation compiler with project's scala-library version: 3.3.6[0m
2025.11.20 23:40:16 INFO  no build target found for /home/jay/B11502041_PA2/src/main/scala/cpu/Alu.scala. Using presentation compiler with project's scala-library version: 3.3.6[0m
2025.11.20 23:40:16 INFO  no build target found for /home/jay/B11502041_PA2/src/main/scala/cpu/Alu.scala. Using presentation compiler with project's scala-library version: 3.3.6[0m
2025.11.20 23:40:16 INFO  no build target found for /home/jay/B11502041_PA2/src/main/scala/cpu/Alu.scala. Using presentation compiler with project's scala-library version: 3.3.6[0m
2025.11.20 23:40:17 INFO  no build target found for /home/jay/B11502041_PA2/src/main/scala/cpu/Alu.scala. Using presentation compiler with project's scala-library version: 3.3.6[0m
2025.11.20 23:40:20 INFO  no build target found for /home/jay/B11502041_PA2/src/main/scala/cpu/Alu.scala. Using presentation compiler with project's scala-library version: 3.3.6[0m
2025.11.20 23:40:20 INFO  no build target found for /home/jay/B11502041_PA2/src/main/scala/cpu/Alu.scala. Using presentation compiler with project's scala-library version: 3.3.6[0m
2025.11.20 23:40:20 INFO  no build target found for /home/jay/B11502041_PA2/src/main/scala/cpu/Alu.scala. Using presentation compiler with project's scala-library version: 3.3.6[0m
2025.11.20 23:40:20 INFO  no build target found for /home/jay/B11502041_PA2/src/main/scala/cpu/Alu.scala. Using presentation compiler with project's scala-library version: 3.3.6[0m
2025.11.20 23:40:20 INFO  no build target found for /home/jay/B11502041_PA2/src/main/scala/cpu/Alu.scala. Using presentation compiler with project's scala-library version: 3.3.6[0m
2025.11.20 23:40:22 INFO  no build target found for /home/jay/B11502041_PA2/src/main/scala/cpu/Alu.scala. Using presentation compiler with project's scala-library version: 3.3.6[0m
2025.11.20 23:40:22 INFO  no build target found for /home/jay/B11502041_PA2/src/main/scala/cpu/Alu.scala. Using presentation compiler with project's scala-library version: 3.3.6[0m
2025.11.20 23:40:23 INFO  no build target found for /home/jay/B11502041_PA2/src/main/scala/cpu/Alu.scala. Using presentation compiler with project's scala-library version: 3.3.6[0m
2025.11.20 23:40:23 INFO  no build target found for /home/jay/B11502041_PA2/src/main/scala/cpu/Alu.scala. Using presentation compiler with project's scala-library version: 3.3.6[0m
2025.11.20 23:40:23 INFO  no build target found for /home/jay/B11502041_PA2/src/main/scala/cpu/Alu.scala. Using presentation compiler with project's scala-library version: 3.3.6[0m
2025.11.20 23:40:23 INFO  no build target found for /home/jay/B11502041_PA2/src/main/scala/cpu/Alu.scala. Using presentation compiler with project's scala-library version: 3.3.6[0m
2025.11.20 23:40:25 INFO  no build target found for /home/jay/B11502041_PA2/src/main/scala/cpu/Alu.scala. Using presentation compiler with project's scala-library version: 3.3.6[0m
2025.11.20 23:40:25 INFO  no build target found for /home/jay/B11502041_PA2/src/main/scala/cpu/Alu.scala. Using presentation compiler with project's scala-library version: 3.3.6[0m
2025.11.20 23:40:25 INFO  no build target found for /home/jay/B11502041_PA2/src/main/scala/cpu/Alu.scala. Using presentation compiler with project's scala-library version: 3.3.6[0m
2025.11.20 23:40:28 INFO  no build target found for /home/jay/B11502041_PA2/src/main/scala/cpu/Alu.scala. Using presentation compiler with project's scala-library version: 3.3.6[0m
2025.11.20 23:40:30 INFO  no build target found for /home/jay/B11502041_PA2/src/main/scala/cpu/Alu.scala. Using presentation compiler with project's scala-library version: 3.3.6[0m
2025.11.20 23:40:39 INFO  no build target found for /home/jay/B11502041_PA2/src/main/scala/cpu/Alu.scala. Using presentation compiler with project's scala-library version: 3.3.6[0m
2025.11.20 23:40:39 INFO  no build target found for /home/jay/B11502041_PA2/src/main/scala/cpu/Alu.scala. Using presentation compiler with project's scala-library version: 3.3.6[0m
2025.11.20 23:40:40 INFO  no build target found for /home/jay/B11502041_PA2/src/main/scala/cpu/Alu.scala. Using presentation compiler with project's scala-library version: 3.3.6[0m
2025.11.20 23:40:41 INFO  no build target found for /home/jay/B11502041_PA2/src/main/scala/cpu/Alu.scala. Using presentation compiler with project's scala-library version: 3.3.6[0m
2025.11.20 23:40:42 INFO  no build target found for /home/jay/B11502041_PA2/src/main/scala/cpu/Alu.scala. Using presentation compiler with project's scala-library version: 3.3.6[0m
2025.11.20 23:40:42 INFO  no build target found for /home/jay/B11502041_PA2/src/main/scala/cpu/Alu.scala. Using presentation compiler with project's scala-library version: 3.3.6[0m
2025.11.20 23:40:43 INFO  no build target found for /home/jay/B11502041_PA2/src/main/scala/cpu/Alu.scala. Using presentation compiler with project's scala-library version: 3.3.6[0m
2025.11.20 23:40:42 INFO  no build target found for /home/jay/B11502041_PA2/src/main/scala/cpu/Alu.scala. Using presentation compiler with project's scala-library version: 3.3.6[0m
2025.11.20 23:40:42 INFO  no build target found for /home/jay/B11502041_PA2/src/main/scala/cpu/Alu.scala. Using presentation compiler with project's scala-library version: 3.3.6[0m
2025.11.20 23:40:43 INFO  no build target found for /home/jay/B11502041_PA2/src/main/scala/cpu/Alu.scala. Using presentation compiler with project's scala-library version: 3.3.6[0m
2025.11.20 23:40:43 INFO  no build target found for /home/jay/B11502041_PA2/src/main/scala/cpu/Alu.scala. Using presentation compiler with project's scala-library version: 3.3.6[0m
2025.11.20 23:40:43 INFO  no build target found for /home/jay/B11502041_PA2/src/main/scala/cpu/Alu.scala. Using presentation compiler with project's scala-library version: 3.3.6[0m
2025.11.20 23:40:43 INFO  no build target found for /home/jay/B11502041_PA2/src/main/scala/cpu/Alu.scala. Using presentation compiler with project's scala-library version: 3.3.6[0m
2025.11.20 23:40:44 INFO  no build target found for /home/jay/B11502041_PA2/src/main/scala/cpu/Alu.scala. Using presentation compiler with project's scala-library version: 3.3.6[0m
2025.11.20 23:40:43 INFO  no build target found for /home/jay/B11502041_PA2/src/main/scala/cpu/Alu.scala. Using presentation compiler with project's scala-library version: 3.3.6[0m
2025.11.20 23:40:43 INFO  no build target found for /home/jay/B11502041_PA2/src/main/scala/cpu/Alu.scala. Using presentation compiler with project's scala-library version: 3.3.6[0m
2025.11.20 23:40:43 INFO  no build target found for /home/jay/B11502041_PA2/src/main/scala/cpu/Alu.scala. Using presentation compiler with project's scala-library version: 3.3.6[0m
2025.11.20 23:40:44 INFO  no build target found for /home/jay/B11502041_PA2/src/main/scala/cpu/Alu.scala. Using presentation compiler with project's scala-library version: 3.3.6[0m
2025.11.20 23:40:45 INFO  no build target found for /home/jay/B11502041_PA2/src/main/scala/cpu/Alu.scala. Using presentation compiler with project's scala-library version: 3.3.6[0m
2025.11.20 23:40:45 INFO  no build target found for /home/jay/B11502041_PA2/src/main/scala/cpu/Alu.scala. Using presentation compiler with project's scala-library version: 3.3.6[0m
2025.11.20 23:40:45 INFO  no build target found for /home/jay/B11502041_PA2/src/main/scala/cpu/Alu.scala. Using presentation compiler with project's scala-library version: 3.3.6[0m
2025.11.20 23:40:46 INFO  no build target found for /home/jay/B11502041_PA2/src/main/scala/cpu/Alu.scala. Using presentation compiler with project's scala-library version: 3.3.6[0m
2025.11.20 23:40:47 INFO  no build target found for /home/jay/B11502041_PA2/src/main/scala/cpu/Alu.scala. Using presentation compiler with project's scala-library version: 3.3.6[0m
2025.11.20 23:40:48 INFO  no build target found for /home/jay/B11502041_PA2/src/main/scala/cpu/Alu.scala. Using presentation compiler with project's scala-library version: 3.3.6[0m
2025.11.20 23:40:48 INFO  no build target found for /home/jay/B11502041_PA2/src/main/scala/cpu/Alu.scala. Using presentation compiler with project's scala-library version: 3.3.6[0m
2025.11.20 23:41:22 INFO  no build target found for /home/jay/B11502041_PA2/src/main/scala/cpu/Alu.scala. Using presentation compiler with project's scala-library version: 3.3.6[0m
2025.11.20 23:41:22 INFO  no build target found for /home/jay/B11502041_PA2/src/main/scala/cpu/Alu.scala. Using presentation compiler with project's scala-library version: 3.3.6[0m
2025.11.20 23:41:22 INFO  no build target found for /home/jay/B11502041_PA2/src/main/scala/cpu/Alu.scala. Using presentation compiler with project's scala-library version: 3.3.6[0m
2025.11.20 23:41:22 INFO  no build target found for /home/jay/B11502041_PA2/src/main/scala/cpu/Alu.scala. Using presentation compiler with project's scala-library version: 3.3.6[0m
2025.11.20 23:41:22 INFO  no build target found for /home/jay/B11502041_PA2/src/main/scala/cpu/Alu.scala. Using presentation compiler with project's scala-library version: 3.3.6[0m
2025.11.20 23:41:23 INFO  no build target found for /home/jay/B11502041_PA2/src/main/scala/cpu/Alu.scala. Using presentation compiler with project's scala-library version: 3.3.6[0m
2025.11.20 23:41:22 INFO  no build target found for /home/jay/B11502041_PA2/src/main/scala/cpu/Alu.scala. Using presentation compiler with project's scala-library version: 3.3.6[0m
2025.11.20 23:41:23 INFO  no build target found for /home/jay/B11502041_PA2/src/main/scala/cpu/Alu.scala. Using presentation compiler with project's scala-library version: 3.3.6[0m
2025.11.20 23:41:23 INFO  no build target found for /home/jay/B11502041_PA2/src/main/scala/cpu/Alu.scala. Using presentation compiler with project's scala-library version: 3.3.6[0m
2025.11.20 23:41:24 INFO  no build target found for /home/jay/B11502041_PA2/src/main/scala/cpu/Alu.scala. Using presentation compiler with project's scala-library version: 3.3.6[0m
2025.11.20 23:41:24 INFO  no build target found for /home/jay/B11502041_PA2/src/main/scala/cpu/Alu.scala. Using presentation compiler with project's scala-library version: 3.3.6[0m
2025.11.20 23:41:24 INFO  no build target found for /home/jay/B11502041_PA2/src/main/scala/cpu/Alu.scala. Using presentation compiler with project's scala-library version: 3.3.6[0m
2025.11.20 23:41:24 INFO  no build target found for /home/jay/B11502041_PA2/src/main/scala/cpu/Alu.scala. Using presentation compiler with project's scala-library version: 3.3.6[0m
2025.11.20 23:41:24 INFO  no build target found for /home/jay/B11502041_PA2/src/main/scala/cpu/Alu.scala. Using presentation compiler with project's scala-library version: 3.3.6[0m
2025.11.20 23:41:24 INFO  no build target found for /home/jay/B11502041_PA2/src/main/scala/cpu/Alu.scala. Using presentation compiler with project's scala-library version: 3.3.6[0m
2025.11.20 23:41:25 INFO  no build target found for /home/jay/B11502041_PA2/src/main/scala/cpu/Alu.scala. Using presentation compiler with project's scala-library version: 3.3.6[0m
2025.11.20 23:41:25 INFO  no build target found for /home/jay/B11502041_PA2/src/main/scala/cpu/Alu.scala. Using presentation compiler with project's scala-library version: 3.3.6[0m
2025.11.20 23:41:26 INFO  no build target found for /home/jay/B11502041_PA2/src/main/scala/cpu/Alu.scala. Using presentation compiler with project's scala-library version: 3.3.6[0m
2025.11.20 23:41:25 INFO  no build target found for /home/jay/B11502041_PA2/src/main/scala/cpu/Alu.scala. Using presentation compiler with project's scala-library version: 3.3.6[0m
2025.11.20 23:41:27 INFO  no build target found for /home/jay/B11502041_PA2/src/main/scala/cpu/Alu.scala. Using presentation compiler with project's scala-library version: 3.3.6[0m
2025.11.20 23:41:27 INFO  no build target found for /home/jay/B11502041_PA2/src/main/scala/cpu/Alu.scala. Using presentation compiler with project's scala-library version: 3.3.6[0m
2025.11.20 23:41:29 INFO  no build target found for /home/jay/B11502041_PA2/src/main/scala/cpu/Alu.scala. Using presentation compiler with project's scala-library version: 3.3.6[0m
2025.11.20 23:42:00 INFO  no build target found for /home/jay/B11502041_PA2/src/main/scala/cpu/Alu.scala. Using presentation compiler with project's scala-library version: 3.3.6[0m
2025.11.20 23:42:01 INFO  no build target found for /home/jay/B11502041_PA2/src/main/scala/cpu/Alu.scala. Using presentation compiler with project's scala-library version: 3.3.6[0m
2025.11.20 23:42:04 INFO  no build target found for /home/jay/B11502041_PA2/src/main/scala/cpu/Alu.scala. Using presentation compiler with project's scala-library version: 3.3.6[0m
2025.11.20 23:42:04 INFO  no build target found for /home/jay/B11502041_PA2/src/main/scala/cpu/Alu.scala. Using presentation compiler with project's scala-library version: 3.3.6[0m
2025.11.20 23:42:06 INFO  no build target found for /home/jay/B11502041_PA2/src/main/scala/cpu/Alu.scala. Using presentation compiler with project's scala-library version: 3.3.6[0m
2025.11.20 23:42:06 INFO  no build target found for /home/jay/B11502041_PA2/src/main/scala/cpu/Alu.scala. Using presentation compiler with project's scala-library version: 3.3.6[0m
2025.11.20 23:42:06 INFO  no build target found for /home/jay/B11502041_PA2/src/main/scala/cpu/Alu.scala. Using presentation compiler with project's scala-library version: 3.3.6[0m
2025.11.20 23:42:06 INFO  no build target found for /home/jay/B11502041_PA2/src/main/scala/cpu/Alu.scala. Using presentation compiler with project's scala-library version: 3.3.6[0m
2025.11.20 23:42:06 INFO  no build target found for /home/jay/B11502041_PA2/src/main/scala/cpu/Alu.scala. Using presentation compiler with project's scala-library version: 3.3.6[0m
2025.11.20 23:42:07 INFO  no build target found for /home/jay/B11502041_PA2/src/main/scala/cpu/Alu.scala. Using presentation compiler with project's scala-library version: 3.3.6[0m
2025.11.20 23:42:07 INFO  no build target found for /home/jay/B11502041_PA2/src/main/scala/cpu/Alu.scala. Using presentation compiler with project's scala-library version: 3.3.6[0m
2025.11.20 23:42:07 INFO  no build target found for /home/jay/B11502041_PA2/src/main/scala/cpu/Alu.scala. Using presentation compiler with project's scala-library version: 3.3.6[0m
2025.11.20 23:42:07 INFO  no build target found for /home/jay/B11502041_PA2/src/main/scala/cpu/Alu.scala. Using presentation compiler with project's scala-library version: 3.3.6[0m
2025.11.20 23:42:07 INFO  no build target found for /home/jay/B11502041_PA2/src/main/scala/cpu/Alu.scala. Using presentation compiler with project's scala-library version: 3.3.6[0m
2025.11.20 23:42:07 INFO  no build target found for /home/jay/B11502041_PA2/src/main/scala/cpu/Alu.scala. Using presentation compiler with project's scala-library version: 3.3.6[0m
2025.11.20 23:42:08 INFO  no build target found for /home/jay/B11502041_PA2/src/main/scala/cpu/Alu.scala. Using presentation compiler with project's scala-library version: 3.3.6[0m
2025.11.20 23:42:11 INFO  no build target found for /home/jay/B11502041_PA2/src/main/scala/cpu/Alu.scala. Using presentation compiler with project's scala-library version: 3.3.6[0m
2025.11.20 23:42:11 INFO  no build target found for /home/jay/B11502041_PA2/src/main/scala/cpu/Alu.scala. Using presentation compiler with project's scala-library version: 3.3.6[0m
2025.11.20 23:42:11 INFO  no build target found for /home/jay/B11502041_PA2/src/main/scala/cpu/Alu.scala. Using presentation compiler with project's scala-library version: 3.3.6[0m
2025.11.20 23:42:13 INFO  no build target found for /home/jay/B11502041_PA2/src/main/scala/cpu/Alu.scala. Using presentation compiler with project's scala-library version: 3.3.6[0m
2025.11.20 23:42:13 INFO  no build target found for /home/jay/B11502041_PA2/src/main/scala/cpu/Alu.scala. Using presentation compiler with project's scala-library version: 3.3.6[0m
2025.11.20 23:42:13 INFO  no build target found for /home/jay/B11502041_PA2/src/main/scala/cpu/Alu.scala. Using presentation compiler with project's scala-library version: 3.3.6[0m
2025.11.20 23:42:13 INFO  no build target found for /home/jay/B11502041_PA2/src/main/scala/cpu/Alu.scala. Using presentation compiler with project's scala-library version: 3.3.6[0m
2025.11.20 23:42:13 INFO  no build target found for /home/jay/B11502041_PA2/src/main/scala/cpu/Alu.scala. Using presentation compiler with project's scala-library version: 3.3.6[0m
2025.11.20 23:42:13 INFO  no build target found for /home/jay/B11502041_PA2/src/main/scala/cpu/Alu.scala. Using presentation compiler with project's scala-library version: 3.3.6[0m
2025.11.20 23:42:13 INFO  no build target found for /home/jay/B11502041_PA2/src/main/scala/cpu/Alu.scala. Using presentation compiler with project's scala-library version: 3.3.6[0m
2025.11.20 23:42:13 INFO  no build target found for /home/jay/B11502041_PA2/src/main/scala/cpu/Alu.scala. Using presentation compiler with project's scala-library version: 3.3.6[0m
2025.11.20 23:42:14 INFO  no build target found for /home/jay/B11502041_PA2/src/main/scala/cpu/Alu.scala. Using presentation compiler with project's scala-library version: 3.3.6[0m
2025.11.20 23:42:14 INFO  no build target found for /home/jay/B11502041_PA2/src/main/scala/cpu/Alu.scala. Using presentation compiler with project's scala-library version: 3.3.6[0m
2025.11.20 23:42:14 INFO  no build target found for /home/jay/B11502041_PA2/src/main/scala/cpu/Alu.scala. Using presentation compiler with project's scala-library version: 3.3.6[0m
2025.11.20 23:42:14 INFO  no build target found for /home/jay/B11502041_PA2/src/main/scala/cpu/Alu.scala. Using presentation compiler with project's scala-library version: 3.3.6[0m
2025.11.20 23:42:14 INFO  no build target found for /home/jay/B11502041_PA2/src/main/scala/cpu/Alu.scala. Using presentation compiler with project's scala-library version: 3.3.6[0m
2025.11.20 23:42:15 INFO  no build target found for /home/jay/B11502041_PA2/src/main/scala/cpu/Alu.scala. Using presentation compiler with project's scala-library version: 3.3.6[0m
2025.11.20 23:42:15 INFO  no build target found for /home/jay/B11502041_PA2/src/main/scala/cpu/Alu.scala. Using presentation compiler with project's scala-library version: 3.3.6[0m
2025.11.20 23:42:17 INFO  no build target found for /home/jay/B11502041_PA2/src/main/scala/cpu/Alu.scala. Using presentation compiler with project's scala-library version: 3.3.6[0m
2025.11.20 23:42:17 INFO  no build target found for /home/jay/B11502041_PA2/src/main/scala/cpu/Alu.scala. Using presentation compiler with project's scala-library version: 3.3.6[0m
2025.11.20 23:42:17 INFO  no build target found for /home/jay/B11502041_PA2/src/main/scala/cpu/Alu.scala. Using presentation compiler with project's scala-library version: 3.3.6[0m
2025.11.20 23:42:17 INFO  no build target found for /home/jay/B11502041_PA2/src/main/scala/cpu/Alu.scala. Using presentation compiler with project's scala-library version: 3.3.6[0m
2025.11.20 23:42:17 INFO  no build target found for /home/jay/B11502041_PA2/src/main/scala/cpu/Alu.scala. Using presentation compiler with project's scala-library version: 3.3.6[0m
2025.11.20 23:42:18 INFO  no build target found for /home/jay/B11502041_PA2/src/main/scala/cpu/Alu.scala. Using presentation compiler with project's scala-library version: 3.3.6[0m
2025.11.20 23:42:17 INFO  no build target found for /home/jay/B11502041_PA2/src/main/scala/cpu/Alu.scala. Using presentation compiler with project's scala-library version: 3.3.6[0m
2025.11.20 23:42:17 INFO  no build target found for /home/jay/B11502041_PA2/src/main/scala/cpu/Alu.scala. Using presentation compiler with project's scala-library version: 3.3.6[0m
2025.11.20 23:42:18 INFO  no build target found for /home/jay/B11502041_PA2/src/main/scala/cpu/Alu.scala. Using presentation compiler with project's scala-library version: 3.3.6[0m
2025.11.20 23:42:19 INFO  no build target found for /home/jay/B11502041_PA2/src/main/scala/cpu/Alu.scala. Using presentation compiler with project's scala-library version: 3.3.6[0m
2025.11.20 23:42:19 INFO  no build target found for /home/jay/B11502041_PA2/src/main/scala/cpu/Alu.scala. Using presentation compiler with project's scala-library version: 3.3.6[0m
2025.11.20 23:42:19 INFO  no build target found for /home/jay/B11502041_PA2/src/main/scala/cpu/Alu.scala. Using presentation compiler with project's scala-library version: 3.3.6[0m
2025.11.20 23:42:26 INFO  no build target found for /home/jay/B11502041_PA2/src/main/scala/cpu/Alu.scala. Using presentation compiler with project's scala-library version: 3.3.6[0m
2025.11.20 23:42:39 INFO  no build target found for /home/jay/B11502041_PA2/src/main/scala/cpu/Alu.scala. Using presentation compiler with project's scala-library version: 3.3.6[0m
2025.11.20 23:42:40 INFO  no build target found for /home/jay/B11502041_PA2/src/main/scala/cpu/Bundles.scala. Using presentation compiler with project's scala-library version: 3.3.6[0m
2025.11.20 23:42:40 WARN  no build target for: /home/jay/B11502041_PA2/src/main/scala/cpu/Bundles.scala[0m
2025.11.20 23:42:40 INFO  no build target found for /home/jay/B11502041_PA2/src/main/scala/cpu/Bundles.scala. Using presentation compiler with project's scala-library version: 3.3.6[0m
2025.11.20 23:42:43 INFO  no build target found for /home/jay/B11502041_PA2/src/main/scala/cpu/Bundles.scala. Using presentation compiler with project's scala-library version: 3.3.6[0m
2025.11.20 23:43:14 INFO  no build target found for /home/jay/B11502041_PA2/src/main/scala/cpu/Bundles.scala. Using presentation compiler with project's scala-library version: 3.3.6[0m
2025.11.20 23:43:14 INFO  no build target found for /home/jay/B11502041_PA2/src/main/scala/cpu/Bundles.scala. Using presentation compiler with project's scala-library version: 3.3.6[0m
2025.11.20 23:43:16 INFO  no build target found for /home/jay/B11502041_PA2/src/main/scala/cpu/Bundles.scala. Using presentation compiler with project's scala-library version: 3.3.6[0m
2025.11.20 23:43:21 INFO  no build target found for /home/jay/B11502041_PA2/src/main/scala/cpu/Bundles.scala. Using presentation compiler with project's scala-library version: 3.3.6[0m
2025.11.20 23:43:21 INFO  no build target found for /home/jay/B11502041_PA2/src/main/scala/cpu/Bundles.scala. Using presentation compiler with project's scala-library version: 3.3.6[0m
2025.11.20 23:43:25 INFO  no build target found for /home/jay/B11502041_PA2/src/main/scala/cpu/Bundles.scala. Using presentation compiler with project's scala-library version: 3.3.6[0m
2025.11.20 23:43:25 INFO  no build target found for /home/jay/B11502041_PA2/src/main/scala/cpu/Bundles.scala. Using presentation compiler with project's scala-library version: 3.3.6[0m
2025.11.20 23:43:27 INFO  no build target found for /home/jay/B11502041_PA2/src/main/scala/cpu/Bundles.scala. Using presentation compiler with project's scala-library version: 3.3.6[0m
2025.11.20 23:43:27 INFO  no build target found for /home/jay/B11502041_PA2/src/main/scala/cpu/DataMem.scala. Using presentation compiler with project's scala-library version: 3.3.6[0m
2025.11.20 23:43:28 INFO  no build target found for /home/jay/B11502041_PA2/src/main/scala/cpu/DataMem.scala. Using presentation compiler with project's scala-library version: 3.3.6[0m
2025.11.20 23:43:27 INFO  no build target found for /home/jay/B11502041_PA2/src/main/scala/cpu/Core.scala. Using presentation compiler with project's scala-library version: 3.3.6[0m
2025.11.20 23:43:28 WARN  no build target for: /home/jay/B11502041_PA2/src/main/scala/cpu/Core.scala[0m
2025.11.20 23:43:28 INFO  no build target found for /home/jay/B11502041_PA2/src/main/scala/cpu/Core.scala. Using presentation compiler with project's scala-library version: 3.3.6[0m
2025.11.20 23:43:29 INFO  no build target found for /home/jay/B11502041_PA2/src/main/scala/cpu/DataMem.scala. Using presentation compiler with project's scala-library version: 3.3.6[0m
2025.11.20 23:43:29 INFO  no build target found for /home/jay/B11502041_PA2/src/main/scala/cpu/DataMem.scala. Using presentation compiler with project's scala-library version: 3.3.6[0m
2025.11.20 23:43:29 INFO  no build target found for /home/jay/B11502041_PA2/src/main/scala/cpu/Decoder.scala. Using presentation compiler with project's scala-library version: 3.3.6[0m
2025.11.20 23:43:29 INFO  no build target found for /home/jay/B11502041_PA2/src/main/scala/cpu/Decoder.scala. Using presentation compiler with project's scala-library version: 3.3.6[0m
2025.11.20 23:43:30 INFO  no build target found for /home/jay/B11502041_PA2/src/main/scala/cpu/DataMem.scala. Using presentation compiler with project's scala-library version: 3.3.6[0m
2025.11.20 23:43:30 INFO  no build target found for /home/jay/B11502041_PA2/src/main/scala/cpu/DataMem.scala. Using presentation compiler with project's scala-library version: 3.3.6[0m
2025.11.20 23:43:32 INFO  no build target found for /home/jay/B11502041_PA2/src/main/scala/cpu/DataMem.scala. Using presentation compiler with project's scala-library version: 3.3.6[0m
2025.11.20 23:43:33 INFO  no build target found for /home/jay/B11502041_PA2/src/main/scala/cpu/Core.scala. Using presentation compiler with project's scala-library version: 3.3.6[0m
2025.11.20 23:43:33 WARN  no build target for: /home/jay/B11502041_PA2/src/main/scala/cpu/Core.scala[0m
2025.11.20 23:43:33 INFO  no build target found for /home/jay/B11502041_PA2/src/main/scala/cpu/Core.scala. Using presentation compiler with project's scala-library version: 3.3.6[0m
2025.11.20 23:43:38 INFO  no build target found for /home/jay/B11502041_PA2/src/main/scala/cpu/Core.scala. Using presentation compiler with project's scala-library version: 3.3.6[0m
2025.11.20 23:43:46 INFO  no build target found for /home/jay/B11502041_PA2/src/main/scala/cpu/DataMem.scala. Using presentation compiler with project's scala-library version: 3.3.6[0m
2025.11.20 23:43:46 WARN  no build target for: /home/jay/B11502041_PA2/src/main/scala/cpu/DataMem.scala[0m
2025.11.20 23:43:46 INFO  no build target found for /home/jay/B11502041_PA2/src/main/scala/cpu/DataMem.scala. Using presentation compiler with project's scala-library version: 3.3.6[0m
2025.11.20 23:43:46 INFO  no build target found for /home/jay/B11502041_PA2/src/main/scala/cpu/Decoder.scala. Using presentation compiler with project's scala-library version: 3.3.6[0m
2025.11.20 23:43:47 WARN  no build target for: /home/jay/B11502041_PA2/src/main/scala/cpu/Decoder.scala[0m
2025.11.20 23:43:46 INFO  no build target found for /home/jay/B11502041_PA2/src/main/scala/cpu/Decoder.scala. Using presentation compiler with project's scala-library version: 3.3.6[0m
2025.11.20 23:43:49 INFO  no build target found for /home/jay/B11502041_PA2/src/main/scala/cpu/Decoder.scala. Using presentation compiler with project's scala-library version: 3.3.6[0m
2025.11.20 23:43:50 INFO  no build target found for /home/jay/B11502041_PA2/src/main/scala/cpu/Decoder.scala. Using presentation compiler with project's scala-library version: 3.3.6[0m
2025.11.20 23:46:52 INFO  no build target found for /home/jay/B11502041_PA2/src/main/scala/cpu/DataMem.scala. Using presentation compiler with project's scala-library version: 3.3.6[0m
2025.11.20 23:46:52 INFO  no build target found for /home/jay/B11502041_PA2/src/main/scala/cpu/Core.scala. Using presentation compiler with project's scala-library version: 3.3.6[0m
2025.11.20 23:46:53 WARN  no build target for: /home/jay/B11502041_PA2/src/main/scala/cpu/Core.scala[0m
2025.11.20 23:46:53 INFO  no build target found for /home/jay/B11502041_PA2/src/main/scala/cpu/Core.scala. Using presentation compiler with project's scala-library version: 3.3.6[0m
2025.11.20 23:47:01 INFO  no build target found for /home/jay/B11502041_PA2/src/main/scala/cpu/Decoder.scala. Using presentation compiler with project's scala-library version: 3.3.6[0m
2025.11.20 23:47:01 WARN  no build target for: /home/jay/B11502041_PA2/src/main/scala/cpu/Decoder.scala[0m
2025.11.20 23:47:01 INFO  no build target found for /home/jay/B11502041_PA2/src/main/scala/cpu/Decoder.scala. Using presentation compiler with project's scala-library version: 3.3.6[0m
Nov 20, 2025 11:47:03 PM org.eclipse.lsp4j.jsonrpc.RemoteEndpoint handleCancellation
WARNING: Unmatched cancel notification for request id 853
2025.11.20 23:47:08 INFO  no build target found for /home/jay/B11502041_PA2/src/main/scala/cpu/Decoder.scala. Using presentation compiler with project's scala-library version: 3.3.6[0m
2025.11.20 23:47:18 WARN  no build target for: /home/jay/B11502041_PA2/src/main/scala/cpu/Decoder.scala[0m
2025.11.20 23:47:18 INFO  no build target found for /home/jay/B11502041_PA2/src/main/scala/cpu/Decoder.scala. Using presentation compiler with project's scala-library version: 3.3.6[0m
2025.11.20 23:47:27 INFO  no build target found for /home/jay/B11502041_PA2/src/main/scala/cpu/Decoder.scala. Using presentation compiler with project's scala-library version: 3.3.6[0m
2025.11.20 23:47:37 INFO  no build target found for /home/jay/B11502041_PA2/src/main/scala/cpu/Decoder.scala. Using presentation compiler with project's scala-library version: 3.3.6[0m
2025.11.20 23:47:37 INFO  no build target found for /home/jay/B11502041_PA2/src/main/scala/cpu/Decoder.scala. Using presentation compiler with project's scala-library version: 3.3.6[0m
2025.11.20 23:47:38 INFO  no build target found for /home/jay/B11502041_PA2/src/main/scala/cpu/Decoder.scala. Using presentation compiler with project's scala-library version: 3.3.6[0m
2025.11.20 23:48:47 INFO  no build target found for /home/jay/B11502041_PA2/src/main/scala/cpu/Decoder.scala. Using presentation compiler with project's scala-library version: 3.3.6[0m
2025.11.20 23:48:47 INFO  no build target found for /home/jay/B11502041_PA2/src/main/scala/cpu/Decoder.scala. Using presentation compiler with project's scala-library version: 3.3.6[0m
2025.11.20 23:48:47 INFO  no build target found for /home/jay/B11502041_PA2/src/main/scala/cpu/Decoder.scala. Using presentation compiler with project's scala-library version: 3.3.6[0m
2025.11.20 23:48:47 INFO  no build target found for /home/jay/B11502041_PA2/src/main/scala/cpu/Decoder.scala. Using presentation compiler with project's scala-library version: 3.3.6[0m
2025.11.20 23:48:47 INFO  no build target found for /home/jay/B11502041_PA2/src/main/scala/cpu/Decoder.scala. Using presentation compiler with project's scala-library version: 3.3.6[0m
2025.11.20 23:48:47 INFO  no build target found for /home/jay/B11502041_PA2/src/main/scala/cpu/Decoder.scala. Using presentation compiler with project's scala-library version: 3.3.6[0m
2025.11.20 23:48:48 INFO  no build target found for /home/jay/B11502041_PA2/src/main/scala/cpu/Decoder.scala. Using presentation compiler with project's scala-library version: 3.3.6[0m
2025.11.20 23:48:48 INFO  no build target found for /home/jay/B11502041_PA2/src/main/scala/cpu/Decoder.scala. Using presentation compiler with project's scala-library version: 3.3.6[0m
2025.11.20 23:48:48 INFO  no build target found for /home/jay/B11502041_PA2/src/main/scala/cpu/Decoder.scala. Using presentation compiler with project's scala-library version: 3.3.6[0m
2025.11.20 23:48:47 INFO  no build target found for /home/jay/B11502041_PA2/src/main/scala/cpu/Decoder.scala. Using presentation compiler with project's scala-library version: 3.3.6[0m
2025.11.20 23:48:48 INFO  no build target found for /home/jay/B11502041_PA2/src/main/scala/cpu/Decoder.scala. Using presentation compiler with project's scala-library version: 3.3.6[0m
2025.11.20 23:48:49 INFO  no build target found for /home/jay/B11502041_PA2/src/main/scala/cpu/Decoder.scala. Using presentation compiler with project's scala-library version: 3.3.6[0m
2025.11.20 23:48:49 INFO  no build target found for /home/jay/B11502041_PA2/src/main/scala/cpu/Decoder.scala. Using presentation compiler with project's scala-library version: 3.3.6[0m
2025.11.20 23:48:49 INFO  no build target found for /home/jay/B11502041_PA2/src/main/scala/cpu/Decoder.scala. Using presentation compiler with project's scala-library version: 3.3.6[0m
2025.11.20 23:48:49 INFO  no build target found for /home/jay/B11502041_PA2/src/main/scala/cpu/Decoder.scala. Using presentation compiler with project's scala-library version: 3.3.6[0m
2025.11.20 23:48:49 INFO  no build target found for /home/jay/B11502041_PA2/src/main/scala/cpu/Decoder.scala. Using presentation compiler with project's scala-library version: 3.3.6[0m
2025.11.20 23:48:49 INFO  no build target found for /home/jay/B11502041_PA2/src/main/scala/cpu/Decoder.scala. Using presentation compiler with project's scala-library version: 3.3.6[0m
2025.11.20 23:48:49 INFO  no build target found for /home/jay/B11502041_PA2/src/main/scala/cpu/Decoder.scala. Using presentation compiler with project's scala-library version: 3.3.6[0m
2025.11.20 23:48:49 INFO  no build target found for /home/jay/B11502041_PA2/src/main/scala/cpu/Decoder.scala. Using presentation compiler with project's scala-library version: 3.3.6[0m
2025.11.20 23:48:50 INFO  no build target found for /home/jay/B11502041_PA2/src/main/scala/cpu/Decoder.scala. Using presentation compiler with project's scala-library version: 3.3.6[0m
2025.11.20 23:48:50 INFO  no build target found for /home/jay/B11502041_PA2/src/main/scala/cpu/Decoder.scala. Using presentation compiler with project's scala-library version: 3.3.6[0m
2025.11.20 23:48:50 INFO  no build target found for /home/jay/B11502041_PA2/src/main/scala/cpu/Decoder.scala. Using presentation compiler with project's scala-library version: 3.3.6[0m
2025.11.20 23:48:50 INFO  no build target found for /home/jay/B11502041_PA2/src/main/scala/cpu/Decoder.scala. Using presentation compiler with project's scala-library version: 3.3.6[0m
2025.11.20 23:48:51 INFO  no build target found for /home/jay/B11502041_PA2/src/main/scala/cpu/Decoder.scala. Using presentation compiler with project's scala-library version: 3.3.6[0m
2025.11.20 23:48:50 INFO  no build target found for /home/jay/B11502041_PA2/src/main/scala/cpu/Decoder.scala. Using presentation compiler with project's scala-library version: 3.3.6[0m
2025.11.20 23:48:50 INFO  no build target found for /home/jay/B11502041_PA2/src/main/scala/cpu/Decoder.scala. Using presentation compiler with project's scala-library version: 3.3.6[0m
2025.11.20 23:48:51 INFO  no build target found for /home/jay/B11502041_PA2/src/main/scala/cpu/Decoder.scala. Using presentation compiler with project's scala-library version: 3.3.6[0m
2025.11.20 23:48:51 INFO  no build target found for /home/jay/B11502041_PA2/src/main/scala/cpu/Decoder.scala. Using presentation compiler with project's scala-library version: 3.3.6[0m
2025.11.20 23:48:52 INFO  no build target found for /home/jay/B11502041_PA2/src/main/scala/cpu/Decoder.scala. Using presentation compiler with project's scala-library version: 3.3.6[0m
2025.11.20 23:48:53 INFO  no build target found for /home/jay/B11502041_PA2/src/main/scala/cpu/Decoder.scala. Using presentation compiler with project's scala-library version: 3.3.6[0m
2025.11.20 23:48:53 INFO  no build target found for /home/jay/B11502041_PA2/src/main/scala/cpu/Decoder.scala. Using presentation compiler with project's scala-library version: 3.3.6[0m
2025.11.20 23:48:53 INFO  no build target found for /home/jay/B11502041_PA2/src/main/scala/cpu/Decoder.scala. Using presentation compiler with project's scala-library version: 3.3.6[0m
2025.11.20 23:51:36 INFO  no build target found for /home/jay/B11502041_PA2/src/main/scala/cpu/Bundles.scala. Using presentation compiler with project's scala-library version: 3.3.6[0m
2025.11.20 23:51:36 INFO  no build target found for /home/jay/B11502041_PA2/src/main/scala/cpu/Bundles.scala. Using presentation compiler with project's scala-library version: 3.3.6[0m
2025.11.20 23:51:36 INFO  no build target found for /home/jay/B11502041_PA2/src/main/scala/cpu/Decoder.scala. Using presentation compiler with project's scala-library version: 3.3.6[0m
2025.11.20 23:51:37 WARN  no build target for: /home/jay/B11502041_PA2/src/main/scala/cpu/Decoder.scala[0m
2025.11.20 23:51:37 INFO  no build target found for /home/jay/B11502041_PA2/src/main/scala/cpu/Decoder.scala. Using presentation compiler with project's scala-library version: 3.3.6[0m
2025.11.20 23:51:37 INFO  no build target found for /home/jay/B11502041_PA2/src/main/scala/cpu/Decoder.scala. Using presentation compiler with project's scala-library version: 3.3.6[0m
2025.11.20 23:51:40 INFO  no build target found for /home/jay/B11502041_PA2/src/main/scala/cpu/Bundles.scala. Using presentation compiler with project's scala-library version: 3.3.6[0m
2025.11.20 23:51:40 WARN  no build target for: /home/jay/B11502041_PA2/src/main/scala/cpu/Bundles.scala[0m
2025.11.20 23:51:40 INFO  no build target found for /home/jay/B11502041_PA2/src/main/scala/cpu/Bundles.scala. Using presentation compiler with project's scala-library version: 3.3.6[0m
2025.11.20 23:51:43 INFO  no build target found for /home/jay/B11502041_PA2/src/main/scala/cpu/Bundles.scala. Using presentation compiler with project's scala-library version: 3.3.6[0m
2025.11.20 23:51:44 INFO  no build target found for /home/jay/B11502041_PA2/src/main/scala/cpu/Bundles.scala. Using presentation compiler with project's scala-library version: 3.3.6[0m
2025.11.20 23:51:44 INFO  no build target found for /home/jay/B11502041_PA2/src/main/scala/cpu/Bundles.scala. Using presentation compiler with project's scala-library version: 3.3.6[0m
2025.11.20 23:51:45 INFO  no build target found for /home/jay/B11502041_PA2/src/main/scala/cpu/Bundles.scala. Using presentation compiler with project's scala-library version: 3.3.6[0m
2025.11.20 23:51:45 INFO  no build target found for /home/jay/B11502041_PA2/src/main/scala/cpu/Bundles.scala. Using presentation compiler with project's scala-library version: 3.3.6[0m
2025.11.20 23:51:46 INFO  no build target found for /home/jay/B11502041_PA2/src/main/scala/cpu/Bundles.scala. Using presentation compiler with project's scala-library version: 3.3.6[0m
2025.11.20 23:51:46 INFO  no build target found for /home/jay/B11502041_PA2/src/main/scala/cpu/Bundles.scala. Using presentation compiler with project's scala-library version: 3.3.6[0m
2025.11.20 23:51:49 INFO  no build target found for /home/jay/B11502041_PA2/src/main/scala/cpu/Decoder.scala. Using presentation compiler with project's scala-library version: 3.3.6[0m
2025.11.20 23:51:49 WARN  no build target for: /home/jay/B11502041_PA2/src/main/scala/cpu/Decoder.scala[0m
2025.11.20 23:51:49 INFO  no build target found for /home/jay/B11502041_PA2/src/main/scala/cpu/Decoder.scala. Using presentation compiler with project's scala-library version: 3.3.6[0m
2025.11.20 23:51:49 INFO  no build target found for /home/jay/B11502041_PA2/src/main/scala/cpu/Decoder.scala. Using presentation compiler with project's scala-library version: 3.3.6[0m
2025.11.20 23:51:53 INFO  no build target found for /home/jay/B11502041_PA2/src/main/scala/cpu/Bundles.scala. Using presentation compiler with project's scala-library version: 3.3.6[0m
2025.11.20 23:51:53 WARN  no build target for: /home/jay/B11502041_PA2/src/main/scala/cpu/Bundles.scala[0m
2025.11.20 23:51:53 INFO  no build target found for /home/jay/B11502041_PA2/src/main/scala/cpu/Bundles.scala. Using presentation compiler with project's scala-library version: 3.3.6[0m
2025.11.20 23:51:53 INFO  no build target found for /home/jay/B11502041_PA2/src/main/scala/cpu/Core.scala. Using presentation compiler with project's scala-library version: 3.3.6[0m
2025.11.20 23:51:53 WARN  no build target for: /home/jay/B11502041_PA2/src/main/scala/cpu/Core.scala[0m
2025.11.20 23:51:53 INFO  no build target found for /home/jay/B11502041_PA2/src/main/scala/cpu/Core.scala. Using presentation compiler with project's scala-library version: 3.3.6[0m
2025.11.20 23:51:56 INFO  no build target found for /home/jay/B11502041_PA2/src/main/scala/cpu/Regfile.scala. Using presentation compiler with project's scala-library version: 3.3.6[0m
2025.11.20 23:51:56 WARN  no build target for: /home/jay/B11502041_PA2/src/main/scala/cpu/Regfile.scala[0m
2025.11.20 23:51:56 INFO  no build target found for /home/jay/B11502041_PA2/src/main/scala/cpu/Regfile.scala. Using presentation compiler with project's scala-library version: 3.3.6[0m
2025.11.20 23:51:56 INFO  no build target found for /home/jay/B11502041_PA2/src/main/scala/cpu/Regfile.scala. Using presentation compiler with project's scala-library version: 3.3.6[0m
2025.11.20 23:52:00 INFO  no build target found for /home/jay/B11502041_PA2/src/main/scala/cpu/Regfile.scala. Using presentation compiler with project's scala-library version: 3.3.6[0m
2025.11.20 23:52:00 INFO  no build target found for /home/jay/B11502041_PA2/src/main/scala/cpu/Alu.scala. Using presentation compiler with project's scala-library version: 3.3.6[0m
2025.11.20 23:52:01 WARN  no build target for: /home/jay/B11502041_PA2/src/main/scala/cpu/Alu.scala[0m
2025.11.20 23:52:01 INFO  no build target found for /home/jay/B11502041_PA2/src/main/scala/cpu/Alu.scala. Using presentation compiler with project's scala-library version: 3.3.6[0m
2025.11.20 23:52:02 INFO  no build target found for /home/jay/B11502041_PA2/src/main/scala/cpu/Alu.scala. Using presentation compiler with project's scala-library version: 3.3.6[0m
2025.11.20 23:52:07 INFO  no build target found for /home/jay/B11502041_PA2/src/main/scala/cpu/Alu.scala. Using presentation compiler with project's scala-library version: 3.3.6[0m
2025.11.20 23:52:08 INFO  no build target found for /home/jay/B11502041_PA2/src/main/scala/cpu/Alu.scala. Using presentation compiler with project's scala-library version: 3.3.6[0m
2025.11.20 23:52:10 INFO  no build target found for /home/jay/B11502041_PA2/src/main/scala/cpu/Alu.scala. Using presentation compiler with project's scala-library version: 3.3.6[0m
2025.11.20 23:52:11 INFO  no build target found for /home/jay/B11502041_PA2/src/main/scala/cpu/Alu.scala. Using presentation compiler with project's scala-library version: 3.3.6[0m
2025.11.20 23:52:11 INFO  no build target found for /home/jay/B11502041_PA2/src/main/scala/cpu/Alu.scala. Using presentation compiler with project's scala-library version: 3.3.6[0m
2025.11.20 23:52:11 INFO  no build target found for /home/jay/B11502041_PA2/src/main/scala/cpu/Alu.scala. Using presentation compiler with project's scala-library version: 3.3.6[0m
2025.11.20 23:52:12 INFO  no build target found for /home/jay/B11502041_PA2/src/main/scala/cpu/Alu.scala. Using presentation compiler with project's scala-library version: 3.3.6[0m
2025.11.20 23:52:12 INFO  no build target found for /home/jay/B11502041_PA2/src/main/scala/cpu/Alu.scala. Using presentation compiler with project's scala-library version: 3.3.6[0m
2025.11.20 23:52:12 INFO  no build target found for /home/jay/B11502041_PA2/src/main/scala/cpu/Alu.scala. Using presentation compiler with project's scala-library version: 3.3.6[0m
2025.11.20 23:52:12 INFO  no build target found for /home/jay/B11502041_PA2/src/main/scala/cpu/Alu.scala. Using presentation compiler with project's scala-library version: 3.3.6[0m
2025.11.20 23:52:15 INFO  no build target found for /home/jay/B11502041_PA2/src/main/scala/cpu/Alu.scala. Using presentation compiler with project's scala-library version: 3.3.6[0m
2025.11.20 23:52:15 INFO  no build target found for /home/jay/B11502041_PA2/src/main/scala/cpu/Alu.scala. Using presentation compiler with project's scala-library version: 3.3.6[0m
2025.11.20 23:52:15 INFO  no build target found for /home/jay/B11502041_PA2/src/main/scala/cpu/Alu.scala. Using presentation compiler with project's scala-library version: 3.3.6[0m
2025.11.20 23:52:15 INFO  no build target found for /home/jay/B11502041_PA2/src/main/scala/cpu/Alu.scala. Using presentation compiler with project's scala-library version: 3.3.6[0m
2025.11.20 23:52:15 INFO  no build target found for /home/jay/B11502041_PA2/src/main/scala/cpu/Alu.scala. Using presentation compiler with project's scala-library version: 3.3.6[0m
2025.11.20 23:52:15 INFO  no build target found for /home/jay/B11502041_PA2/src/main/scala/cpu/Alu.scala. Using presentation compiler with project's scala-library version: 3.3.6[0m
2025.11.20 23:52:16 INFO  no build target found for /home/jay/B11502041_PA2/src/main/scala/cpu/Alu.scala. Using presentation compiler with project's scala-library version: 3.3.6[0m
2025.11.20 23:52:16 INFO  no build target found for /home/jay/B11502041_PA2/src/main/scala/cpu/Alu.scala. Using presentation compiler with project's scala-library version: 3.3.6[0m
2025.11.20 23:52:16 INFO  no build target found for /home/jay/B11502041_PA2/src/main/scala/cpu/Alu.scala. Using presentation compiler with project's scala-library version: 3.3.6[0m
2025.11.20 23:52:17 INFO  no build target found for /home/jay/B11502041_PA2/src/main/scala/cpu/Alu.scala. Using presentation compiler with project's scala-library version: 3.3.6[0m
2025.11.20 23:52:17 INFO  no build target found for /home/jay/B11502041_PA2/src/main/scala/cpu/Alu.scala. Using presentation compiler with project's scala-library version: 3.3.6[0m
2025.11.20 23:52:18 INFO  no build target found for /home/jay/B11502041_PA2/src/main/scala/cpu/Alu.scala. Using presentation compiler with project's scala-library version: 3.3.6[0m
2025.11.20 23:52:18 INFO  no build target found for /home/jay/B11502041_PA2/src/main/scala/cpu/Alu.scala. Using presentation compiler with project's scala-library version: 3.3.6[0m
2025.11.20 23:52:25 INFO  no build target found for /home/jay/B11502041_PA2/src/main/scala/cpu/Alu.scala. Using presentation compiler with project's scala-library version: 3.3.6[0m
2025.11.20 23:52:25 INFO  no build target found for /home/jay/B11502041_PA2/src/main/scala/cpu/Alu.scala. Using presentation compiler with project's scala-library version: 3.3.6[0m
2025.11.20 23:52:25 INFO  no build target found for /home/jay/B11502041_PA2/src/main/scala/cpu/Alu.scala. Using presentation compiler with project's scala-library version: 3.3.6[0m
2025.11.20 23:52:25 INFO  no build target found for /home/jay/B11502041_PA2/src/main/scala/cpu/Alu.scala. Using presentation compiler with project's scala-library version: 3.3.6[0m
2025.11.20 23:52:25 INFO  no build target found for /home/jay/B11502041_PA2/src/main/scala/cpu/Alu.scala. Using presentation compiler with project's scala-library version: 3.3.6[0m
2025.11.20 23:52:25 INFO  no build target found for /home/jay/B11502041_PA2/src/main/scala/cpu/Alu.scala. Using presentation compiler with project's scala-library version: 3.3.6[0m
2025.11.20 23:52:26 INFO  no build target found for /home/jay/B11502041_PA2/src/main/scala/cpu/Alu.scala. Using presentation compiler with project's scala-library version: 3.3.6[0m
2025.11.20 23:52:26 INFO  no build target found for /home/jay/B11502041_PA2/src/main/scala/cpu/Alu.scala. Using presentation compiler with project's scala-library version: 3.3.6[0m
2025.11.20 23:52:26 INFO  no build target found for /home/jay/B11502041_PA2/src/main/scala/cpu/Alu.scala. Using presentation compiler with project's scala-library version: 3.3.6[0m
2025.11.20 23:52:26 INFO  no build target found for /home/jay/B11502041_PA2/src/main/scala/cpu/Alu.scala. Using presentation compiler with project's scala-library version: 3.3.6[0m
2025.11.20 23:52:28 INFO  no build target found for /home/jay/B11502041_PA2/src/main/scala/cpu/Alu.scala. Using presentation compiler with project's scala-library version: 3.3.6[0m
2025.11.20 23:52:28 INFO  no build target found for /home/jay/B11502041_PA2/src/main/scala/cpu/Alu.scala. Using presentation compiler with project's scala-library version: 3.3.6[0m
2025.11.20 23:52:28 INFO  no build target found for /home/jay/B11502041_PA2/src/main/scala/cpu/Alu.scala. Using presentation compiler with project's scala-library version: 3.3.6[0m
2025.11.20 23:52:55 INFO  no build target found for /home/jay/B11502041_PA2/src/main/scala/cpu/Alu.scala. Using presentation compiler with project's scala-library version: 3.3.6[0m
2025.11.20 23:52:57 INFO  no build target found for /home/jay/B11502041_PA2/src/main/scala/cpu/Alu.scala. Using presentation compiler with project's scala-library version: 3.3.6[0m
2025.11.20 23:52:57 INFO  no build target found for /home/jay/B11502041_PA2/src/main/scala/cpu/Alu.scala. Using presentation compiler with project's scala-library version: 3.3.6[0m
2025.11.20 23:52:57 INFO  no build target found for /home/jay/B11502041_PA2/src/main/scala/cpu/Alu.scala. Using presentation compiler with project's scala-library version: 3.3.6[0m
2025.11.20 23:53:00 INFO  no build target found for /home/jay/B11502041_PA2/src/main/scala/cpu/Alu.scala. Using presentation compiler with project's scala-library version: 3.3.6[0m
2025.11.20 23:53:00 INFO  no build target found for /home/jay/B11502041_PA2/src/main/scala/cpu/Alu.scala. Using presentation compiler with project's scala-library version: 3.3.6[0m
2025.11.20 23:53:00 INFO  no build target found for /home/jay/B11502041_PA2/src/main/scala/cpu/Alu.scala. Using presentation compiler with project's scala-library version: 3.3.6[0m
2025.11.20 23:53:03 INFO  no build target found for /home/jay/B11502041_PA2/src/main/scala/cpu/Alu.scala. Using presentation compiler with project's scala-library version: 3.3.6[0m
2025.11.20 23:53:03 INFO  no build target found for /home/jay/B11502041_PA2/src/main/scala/cpu/Alu.scala. Using presentation compiler with project's scala-library version: 3.3.6[0m
2025.11.20 23:53:03 INFO  no build target found for /home/jay/B11502041_PA2/src/main/scala/cpu/Alu.scala. Using presentation compiler with project's scala-library version: 3.3.6[0m
2025.11.20 23:53:03 INFO  no build target found for /home/jay/B11502041_PA2/src/main/scala/cpu/Alu.scala. Using presentation compiler with project's scala-library version: 3.3.6[0m
2025.11.20 23:53:03 INFO  no build target found for /home/jay/B11502041_PA2/src/main/scala/cpu/Alu.scala. Using presentation compiler with project's scala-library version: 3.3.6[0m
2025.11.20 23:53:03 INFO  no build target found for /home/jay/B11502041_PA2/src/main/scala/cpu/Alu.scala. Using presentation compiler with project's scala-library version: 3.3.6[0m
2025.11.20 23:53:03 INFO  no build target found for /home/jay/B11502041_PA2/src/main/scala/cpu/Alu.scala. Using presentation compiler with project's scala-library version: 3.3.6[0m
2025.11.20 23:53:03 INFO  no build target found for /home/jay/B11502041_PA2/src/main/scala/cpu/Alu.scala. Using presentation compiler with project's scala-library version: 3.3.6[0m
2025.11.20 23:53:03 INFO  no build target found for /home/jay/B11502041_PA2/src/main/scala/cpu/Alu.scala. Using presentation compiler with project's scala-library version: 3.3.6[0m
2025.11.20 23:53:04 INFO  no build target found for /home/jay/B11502041_PA2/src/main/scala/cpu/Alu.scala. Using presentation compiler with project's scala-library version: 3.3.6[0m
2025.11.20 23:53:04 INFO  no build target found for /home/jay/B11502041_PA2/src/main/scala/cpu/Alu.scala. Using presentation compiler with project's scala-library version: 3.3.6[0m
2025.11.20 23:53:04 INFO  no build target found for /home/jay/B11502041_PA2/src/main/scala/cpu/Alu.scala. Using presentation compiler with project's scala-library version: 3.3.6[0m
2025.11.20 23:53:04 INFO  no build target found for /home/jay/B11502041_PA2/src/main/scala/cpu/Alu.scala. Using presentation compiler with project's scala-library version: 3.3.6[0m
2025.11.20 23:53:05 INFO  no build target found for /home/jay/B11502041_PA2/src/main/scala/cpu/Alu.scala. Using presentation compiler with project's scala-library version: 3.3.6[0m
2025.11.20 23:53:05 INFO  no build target found for /home/jay/B11502041_PA2/src/main/scala/cpu/Alu.scala. Using presentation compiler with project's scala-library version: 3.3.6[0m
2025.11.20 23:53:05 INFO  no build target found for /home/jay/B11502041_PA2/src/main/scala/cpu/Alu.scala. Using presentation compiler with project's scala-library version: 3.3.6[0m
2025.11.20 23:53:05 INFO  no build target found for /home/jay/B11502041_PA2/src/main/scala/cpu/Alu.scala. Using presentation compiler with project's scala-library version: 3.3.6[0m
2025.11.20 23:53:07 INFO  no build target found for /home/jay/B11502041_PA2/src/main/scala/cpu/Alu.scala. Using presentation compiler with project's scala-library version: 3.3.6[0m
2025.11.20 23:53:07 INFO  no build target found for /home/jay/B11502041_PA2/src/main/scala/cpu/Alu.scala. Using presentation compiler with project's scala-library version: 3.3.6[0m
2025.11.20 23:53:07 INFO  no build target found for /home/jay/B11502041_PA2/src/main/scala/cpu/Alu.scala. Using presentation compiler with project's scala-library version: 3.3.6[0m
2025.11.20 23:53:07 INFO  no build target found for /home/jay/B11502041_PA2/src/main/scala/cpu/Alu.scala. Using presentation compiler with project's scala-library version: 3.3.6[0m
2025.11.20 23:53:07 INFO  no build target found for /home/jay/B11502041_PA2/src/main/scala/cpu/Alu.scala. Using presentation compiler with project's scala-library version: 3.3.6[0m
2025.11.20 23:53:08 INFO  no build target found for /home/jay/B11502041_PA2/src/main/scala/cpu/Alu.scala. Using presentation compiler with project's scala-library version: 3.3.6[0m
2025.11.20 23:53:07 INFO  no build target found for /home/jay/B11502041_PA2/src/main/scala/cpu/Alu.scala. Using presentation compiler with project's scala-library version: 3.3.6[0m
2025.11.20 23:53:08 INFO  no build target found for /home/jay/B11502041_PA2/src/main/scala/cpu/Alu.scala. Using presentation compiler with project's scala-library version: 3.3.6[0m
2025.11.20 23:53:08 INFO  no build target found for /home/jay/B11502041_PA2/src/main/scala/cpu/Alu.scala. Using presentation compiler with project's scala-library version: 3.3.6[0m
2025.11.20 23:53:08 INFO  no build target found for /home/jay/B11502041_PA2/src/main/scala/cpu/Alu.scala. Using presentation compiler with project's scala-library version: 3.3.6[0m
2025.11.20 23:53:08 INFO  no build target found for /home/jay/B11502041_PA2/src/main/scala/cpu/Alu.scala. Using presentation compiler with project's scala-library version: 3.3.6[0m
2025.11.20 23:53:08 INFO  no build target found for /home/jay/B11502041_PA2/src/main/scala/cpu/Alu.scala. Using presentation compiler with project's scala-library version: 3.3.6[0m
2025.11.20 23:53:08 INFO  no build target found for /home/jay/B11502041_PA2/src/main/scala/cpu/Alu.scala. Using presentation compiler with project's scala-library version: 3.3.6[0m
2025.11.20 23:53:08 INFO  no build target found for /home/jay/B11502041_PA2/src/main/scala/cpu/Alu.scala. Using presentation compiler with project's scala-library version: 3.3.6[0m
2025.11.20 23:53:09 INFO  no build target found for /home/jay/B11502041_PA2/src/main/scala/cpu/Alu.scala. Using presentation compiler with project's scala-library version: 3.3.6[0m
2025.11.20 23:53:11 INFO  no build target found for /home/jay/B11502041_PA2/src/main/scala/cpu/Alu.scala. Using presentation compiler with project's scala-library version: 3.3.6[0m
2025.11.20 23:53:11 INFO  no build target found for /home/jay/B11502041_PA2/src/main/scala/cpu/Alu.scala. Using presentation compiler with project's scala-library version: 3.3.6[0m
2025.11.20 23:53:11 INFO  no build target found for /home/jay/B11502041_PA2/src/main/scala/cpu/Alu.scala. Using presentation compiler with project's scala-library version: 3.3.6[0m
2025.11.20 23:53:13 INFO  no build target found for /home/jay/B11502041_PA2/src/main/scala/cpu/Alu.scala. Using presentation compiler with project's scala-library version: 3.3.6[0m
2025.11.20 23:53:13 INFO  no build target found for /home/jay/B11502041_PA2/src/main/scala/cpu/Alu.scala. Using presentation compiler with project's scala-library version: 3.3.6[0m
2025.11.20 23:53:13 INFO  no build target found for /home/jay/B11502041_PA2/src/main/scala/cpu/Alu.scala. Using presentation compiler with project's scala-library version: 3.3.6[0m
2025.11.20 23:53:14 INFO  no build target found for /home/jay/B11502041_PA2/src/main/scala/cpu/Alu.scala. Using presentation compiler with project's scala-library version: 3.3.6[0m
2025.11.20 23:53:14 INFO  no build target found for /home/jay/B11502041_PA2/src/main/scala/cpu/Alu.scala. Using presentation compiler with project's scala-library version: 3.3.6[0m
2025.11.20 23:53:14 INFO  no build target found for /home/jay/B11502041_PA2/src/main/scala/cpu/Alu.scala. Using presentation compiler with project's scala-library version: 3.3.6[0m
2025.11.20 23:53:14 INFO  no build target found for /home/jay/B11502041_PA2/src/main/scala/cpu/Alu.scala. Using presentation compiler with project's scala-library version: 3.3.6[0m
2025.11.20 23:53:14 INFO  no build target found for /home/jay/B11502041_PA2/src/main/scala/cpu/Alu.scala. Using presentation compiler with project's scala-library version: 3.3.6[0m
2025.11.20 23:53:14 INFO  no build target found for /home/jay/B11502041_PA2/src/main/scala/cpu/Alu.scala. Using presentation compiler with project's scala-library version: 3.3.6[0m
2025.11.20 23:53:15 INFO  no build target found for /home/jay/B11502041_PA2/src/main/scala/cpu/Alu.scala. Using presentation compiler with project's scala-library version: 3.3.6[0m
2025.11.20 23:53:15 INFO  no build target found for /home/jay/B11502041_PA2/src/main/scala/cpu/Alu.scala. Using presentation compiler with project's scala-library version: 3.3.6[0m
2025.11.20 23:53:15 INFO  no build target found for /home/jay/B11502041_PA2/src/main/scala/cpu/Alu.scala. Using presentation compiler with project's scala-library version: 3.3.6[0m
2025.11.20 23:53:16 INFO  no build target found for /home/jay/B11502041_PA2/src/main/scala/cpu/Alu.scala. Using presentation compiler with project's scala-library version: 3.3.6[0m
2025.11.20 23:53:17 INFO  no build target found for /home/jay/B11502041_PA2/src/main/scala/cpu/Alu.scala. Using presentation compiler with project's scala-library version: 3.3.6[0m
2025.11.20 23:53:17 INFO  no build target found for /home/jay/B11502041_PA2/src/main/scala/cpu/Alu.scala. Using presentation compiler with project's scala-library version: 3.3.6[0m
2025.11.20 23:53:17 INFO  no build target found for /home/jay/B11502041_PA2/src/main/scala/cpu/Alu.scala. Using presentation compiler with project's scala-library version: 3.3.6[0m
2025.11.20 23:53:17 INFO  no build target found for /home/jay/B11502041_PA2/src/main/scala/cpu/Alu.scala. Using presentation compiler with project's scala-library version: 3.3.6[0m
2025.11.20 23:53:17 INFO  no build target found for /home/jay/B11502041_PA2/src/main/scala/cpu/Alu.scala. Using presentation compiler with project's scala-library version: 3.3.6[0m
2025.11.20 23:53:17 INFO  no build target found for /home/jay/B11502041_PA2/src/main/scala/cpu/Alu.scala. Using presentation compiler with project's scala-library version: 3.3.6[0m
2025.11.20 23:53:17 INFO  no build target found for /home/jay/B11502041_PA2/src/main/scala/cpu/Alu.scala. Using presentation compiler with project's scala-library version: 3.3.6[0m
2025.11.20 23:53:17 INFO  no build target found for /home/jay/B11502041_PA2/src/main/scala/cpu/Alu.scala. Using presentation compiler with project's scala-library version: 3.3.6[0m
2025.11.20 23:53:18 INFO  no build target found for /home/jay/B11502041_PA2/src/main/scala/cpu/Alu.scala. Using presentation compiler with project's scala-library version: 3.3.6[0m
2025.11.20 23:53:18 INFO  no build target found for /home/jay/B11502041_PA2/src/main/scala/cpu/Alu.scala. Using presentation compiler with project's scala-library version: 3.3.6[0m
2025.11.20 23:53:18 INFO  no build target found for /home/jay/B11502041_PA2/src/main/scala/cpu/Alu.scala. Using presentation compiler with project's scala-library version: 3.3.6[0m
2025.11.20 23:53:18 INFO  no build target found for /home/jay/B11502041_PA2/src/main/scala/cpu/Alu.scala. Using presentation compiler with project's scala-library version: 3.3.6[0m
2025.11.20 23:53:20 INFO  no build target found for /home/jay/B11502041_PA2/src/main/scala/cpu/Alu.scala. Using presentation compiler with project's scala-library version: 3.3.6[0m
2025.11.20 23:53:20 INFO  no build target found for /home/jay/B11502041_PA2/src/main/scala/cpu/Alu.scala. Using presentation compiler with project's scala-library version: 3.3.6[0m
2025.11.20 23:53:20 INFO  no build target found for /home/jay/B11502041_PA2/src/main/scala/cpu/Alu.scala. Using presentation compiler with project's scala-library version: 3.3.6[0m
2025.11.20 23:53:20 INFO  no build target found for /home/jay/B11502041_PA2/src/main/scala/cpu/Alu.scala. Using presentation compiler with project's scala-library version: 3.3.6[0m
2025.11.20 23:53:20 INFO  no build target found for /home/jay/B11502041_PA2/src/main/scala/cpu/Alu.scala. Using presentation compiler with project's scala-library version: 3.3.6[0m
2025.11.20 23:53:20 INFO  no build target found for /home/jay/B11502041_PA2/src/main/scala/cpu/Alu.scala. Using presentation compiler with project's scala-library version: 3.3.6[0m
2025.11.20 23:53:20 INFO  no build target found for /home/jay/B11502041_PA2/src/main/scala/cpu/Alu.scala. Using presentation compiler with project's scala-library version: 3.3.6[0m
2025.11.20 23:53:20 INFO  no build target found for /home/jay/B11502041_PA2/src/main/scala/cpu/Alu.scala. Using presentation compiler with project's scala-library version: 3.3.6[0m
2025.11.20 23:53:22 INFO  no build target found for /home/jay/B11502041_PA2/src/main/scala/cpu/Alu.scala. Using presentation compiler with project's scala-library version: 3.3.6[0m
2025.11.20 23:53:22 INFO  no build target found for /home/jay/B11502041_PA2/src/main/scala/cpu/Alu.scala. Using presentation compiler with project's scala-library version: 3.3.6[0m
2025.11.20 23:53:22 INFO  no build target found for /home/jay/B11502041_PA2/src/main/scala/cpu/Alu.scala. Using presentation compiler with project's scala-library version: 3.3.6[0m
2025.11.20 23:53:23 INFO  no build target found for /home/jay/B11502041_PA2/src/main/scala/cpu/Alu.scala. Using presentation compiler with project's scala-library version: 3.3.6[0m
2025.11.20 23:53:23 INFO  no build target found for /home/jay/B11502041_PA2/src/main/scala/cpu/Alu.scala. Using presentation compiler with project's scala-library version: 3.3.6[0m
2025.11.20 23:53:23 INFO  no build target found for /home/jay/B11502041_PA2/src/main/scala/cpu/Alu.scala. Using presentation compiler with project's scala-library version: 3.3.6[0m
2025.11.20 23:53:23 INFO  no build target found for /home/jay/B11502041_PA2/src/main/scala/cpu/Alu.scala. Using presentation compiler with project's scala-library version: 3.3.6[0m
2025.11.20 23:53:23 INFO  no build target found for /home/jay/B11502041_PA2/src/main/scala/cpu/Alu.scala. Using presentation compiler with project's scala-library version: 3.3.6[0m
2025.11.20 23:53:25 INFO  no build target found for /home/jay/B11502041_PA2/src/main/scala/cpu/Alu.scala. Using presentation compiler with project's scala-library version: 3.3.6[0m
2025.11.20 23:53:25 INFO  no build target found for /home/jay/B11502041_PA2/src/main/scala/cpu/Alu.scala. Using presentation compiler with project's scala-library version: 3.3.6[0m
2025.11.20 23:53:25 INFO  no build target found for /home/jay/B11502041_PA2/src/main/scala/cpu/Alu.scala. Using presentation compiler with project's scala-library version: 3.3.6[0m
2025.11.20 23:53:25 INFO  no build target found for /home/jay/B11502041_PA2/src/main/scala/cpu/Alu.scala. Using presentation compiler with project's scala-library version: 3.3.6[0m
2025.11.20 23:53:25 INFO  no build target found for /home/jay/B11502041_PA2/src/main/scala/cpu/Alu.scala. Using presentation compiler with project's scala-library version: 3.3.6[0m
Nov 20, 2025 11:53:25 PM org.eclipse.lsp4j.jsonrpc.RemoteEndpoint handleCancellation
WARNING: Unmatched cancel notification for request id 1334
2025.11.20 23:53:25 INFO  no build target found for /home/jay/B11502041_PA2/src/main/scala/cpu/Alu.scala. Using presentation compiler with project's scala-library version: 3.3.6[0m
2025.11.20 23:53:25 INFO  no build target found for /home/jay/B11502041_PA2/src/main/scala/cpu/Alu.scala. Using presentation compiler with project's scala-library version: 3.3.6[0m
2025.11.20 23:53:25 INFO  no build target found for /home/jay/B11502041_PA2/src/main/scala/cpu/Alu.scala. Using presentation compiler with project's scala-library version: 3.3.6[0m
2025.11.20 23:53:25 INFO  no build target found for /home/jay/B11502041_PA2/src/main/scala/cpu/Alu.scala. Using presentation compiler with project's scala-library version: 3.3.6[0m
2025.11.20 23:53:26 INFO  no build target found for /home/jay/B11502041_PA2/src/main/scala/cpu/Alu.scala. Using presentation compiler with project's scala-library version: 3.3.6[0m
2025.11.20 23:53:26 INFO  no build target found for /home/jay/B11502041_PA2/src/main/scala/cpu/Alu.scala. Using presentation compiler with project's scala-library version: 3.3.6[0m
2025.11.20 23:53:27 INFO  no build target found for /home/jay/B11502041_PA2/src/main/scala/cpu/Alu.scala. Using presentation compiler with project's scala-library version: 3.3.6[0m
2025.11.20 23:53:26 INFO  no build target found for /home/jay/B11502041_PA2/src/main/scala/cpu/Alu.scala. Using presentation compiler with project's scala-library version: 3.3.6[0m
2025.11.20 23:53:26 INFO  no build target found for /home/jay/B11502041_PA2/src/main/scala/cpu/Alu.scala. Using presentation compiler with project's scala-library version: 3.3.6[0m
2025.11.20 23:53:27 INFO  no build target found for /home/jay/B11502041_PA2/src/main/scala/cpu/Alu.scala. Using presentation compiler with project's scala-library version: 3.3.6[0m
2025.11.20 23:53:28 INFO  no build target found for /home/jay/B11502041_PA2/src/main/scala/cpu/Alu.scala. Using presentation compiler with project's scala-library version: 3.3.6[0m
2025.11.20 23:53:28 INFO  no build target found for /home/jay/B11502041_PA2/src/main/scala/cpu/Alu.scala. Using presentation compiler with project's scala-library version: 3.3.6[0m
2025.11.20 23:53:28 INFO  no build target found for /home/jay/B11502041_PA2/src/main/scala/cpu/Alu.scala. Using presentation compiler with project's scala-library version: 3.3.6[0m
2025.11.20 23:53:28 INFO  no build target found for /home/jay/B11502041_PA2/src/main/scala/cpu/Alu.scala. Using presentation compiler with project's scala-library version: 3.3.6[0m
2025.11.20 23:53:28 INFO  no build target found for /home/jay/B11502041_PA2/src/main/scala/cpu/Alu.scala. Using presentation compiler with project's scala-library version: 3.3.6[0m
2025.11.20 23:53:29 INFO  no build target found for /home/jay/B11502041_PA2/src/main/scala/cpu/Alu.scala. Using presentation compiler with project's scala-library version: 3.3.6[0m
2025.11.20 23:53:28 INFO  no build target found for /home/jay/B11502041_PA2/src/main/scala/cpu/Alu.scala. Using presentation compiler with project's scala-library version: 3.3.6[0m
2025.11.20 23:53:29 INFO  no build target found for /home/jay/B11502041_PA2/src/main/scala/cpu/Alu.scala. Using presentation compiler with project's scala-library version: 3.3.6[0m
2025.11.20 23:53:29 INFO  no build target found for /home/jay/B11502041_PA2/src/main/scala/cpu/Alu.scala. Using presentation compiler with project's scala-library version: 3.3.6[0m
2025.11.20 23:53:29 INFO  no build target found for /home/jay/B11502041_PA2/src/main/scala/cpu/Alu.scala. Using presentation compiler with project's scala-library version: 3.3.6[0m
2025.11.20 23:53:29 INFO  no build target found for /home/jay/B11502041_PA2/src/main/scala/cpu/Alu.scala. Using presentation compiler with project's scala-library version: 3.3.6[0m
2025.11.20 23:53:30 INFO  no build target found for /home/jay/B11502041_PA2/src/main/scala/cpu/Alu.scala. Using presentation compiler with project's scala-library version: 3.3.6[0m
2025.11.20 23:53:30 INFO  no build target found for /home/jay/B11502041_PA2/src/main/scala/cpu/Alu.scala. Using presentation compiler with project's scala-library version: 3.3.6[0m
2025.11.20 23:53:30 INFO  no build target found for /home/jay/B11502041_PA2/src/main/scala/cpu/Alu.scala. Using presentation compiler with project's scala-library version: 3.3.6[0m
2025.11.20 23:53:30 INFO  no build target found for /home/jay/B11502041_PA2/src/main/scala/cpu/Alu.scala. Using presentation compiler with project's scala-library version: 3.3.6[0m
2025.11.20 23:53:34 INFO  no build target found for /home/jay/B11502041_PA2/src/main/scala/cpu/Alu.scala. Using presentation compiler with project's scala-library version: 3.3.6[0m
2025.11.20 23:53:34 INFO  no build target found for /home/jay/B11502041_PA2/src/main/scala/cpu/Alu.scala. Using presentation compiler with project's scala-library version: 3.3.6[0m
2025.11.20 23:53:35 INFO  no build target found for /home/jay/B11502041_PA2/src/main/scala/cpu/Alu.scala. Using presentation compiler with project's scala-library version: 3.3.6[0m
2025.11.20 23:53:34 INFO  no build target found for /home/jay/B11502041_PA2/src/main/scala/cpu/Alu.scala. Using presentation compiler with project's scala-library version: 3.3.6[0m
2025.11.20 23:53:34 INFO  no build target found for /home/jay/B11502041_PA2/src/main/scala/cpu/Alu.scala. Using presentation compiler with project's scala-library version: 3.3.6[0m
2025.11.20 23:53:35 INFO  no build target found for /home/jay/B11502041_PA2/src/main/scala/cpu/Alu.scala. Using presentation compiler with project's scala-library version: 3.3.6[0m
2025.11.20 23:53:36 INFO  no build target found for /home/jay/B11502041_PA2/src/main/scala/cpu/Alu.scala. Using presentation compiler with project's scala-library version: 3.3.6[0m
2025.11.20 23:53:36 INFO  no build target found for /home/jay/B11502041_PA2/src/main/scala/cpu/Alu.scala. Using presentation compiler with project's scala-library version: 3.3.6[0m
2025.11.20 23:53:36 INFO  no build target found for /home/jay/B11502041_PA2/src/main/scala/cpu/Alu.scala. Using presentation compiler with project's scala-library version: 3.3.6[0m
2025.11.20 23:53:36 INFO  no build target found for /home/jay/B11502041_PA2/src/main/scala/cpu/Alu.scala. Using presentation compiler with project's scala-library version: 3.3.6[0m
2025.11.20 23:53:36 INFO  no build target found for /home/jay/B11502041_PA2/src/main/scala/cpu/Alu.scala. Using presentation compiler with project's scala-library version: 3.3.6[0m
2025.11.20 23:53:36 INFO  no build target found for /home/jay/B11502041_PA2/src/main/scala/cpu/Alu.scala. Using presentation compiler with project's scala-library version: 3.3.6[0m
2025.11.20 23:53:36 INFO  no build target found for /home/jay/B11502041_PA2/src/main/scala/cpu/Alu.scala. Using presentation compiler with project's scala-library version: 3.3.6[0m
2025.11.20 23:53:37 INFO  no build target found for /home/jay/B11502041_PA2/src/main/scala/cpu/Alu.scala. Using presentation compiler with project's scala-library version: 3.3.6[0m
2025.11.20 23:53:36 INFO  no build target found for /home/jay/B11502041_PA2/src/main/scala/cpu/Alu.scala. Using presentation compiler with project's scala-library version: 3.3.6[0m
2025.11.20 23:53:37 INFO  no build target found for /home/jay/B11502041_PA2/src/main/scala/cpu/Alu.scala. Using presentation compiler with project's scala-library version: 3.3.6[0m
2025.11.20 23:53:37 INFO  no build target found for /home/jay/B11502041_PA2/src/main/scala/cpu/Alu.scala. Using presentation compiler with project's scala-library version: 3.3.6[0m
2025.11.20 23:53:37 INFO  no build target found for /home/jay/B11502041_PA2/src/main/scala/cpu/Alu.scala. Using presentation compiler with project's scala-library version: 3.3.6[0m
2025.11.20 23:53:37 INFO  no build target found for /home/jay/B11502041_PA2/src/main/scala/cpu/Alu.scala. Using presentation compiler with project's scala-library version: 3.3.6[0m
2025.11.20 23:53:37 INFO  no build target found for /home/jay/B11502041_PA2/src/main/scala/cpu/Alu.scala. Using presentation compiler with project's scala-library version: 3.3.6[0m
2025.11.20 23:53:38 INFO  no build target found for /home/jay/B11502041_PA2/src/main/scala/cpu/Alu.scala. Using presentation compiler with project's scala-library version: 3.3.6[0m
2025.11.20 23:53:39 INFO  no build target found for /home/jay/B11502041_PA2/src/main/scala/cpu/Alu.scala. Using presentation compiler with project's scala-library version: 3.3.6[0m
2025.11.20 23:53:39 INFO  no build target found for /home/jay/B11502041_PA2/src/main/scala/cpu/Alu.scala. Using presentation compiler with project's scala-library version: 3.3.6[0m
2025.11.20 23:53:39 INFO  no build target found for /home/jay/B11502041_PA2/src/main/scala/cpu/Alu.scala. Using presentation compiler with project's scala-library version: 3.3.6[0m
2025.11.20 23:53:39 INFO  no build target found for /home/jay/B11502041_PA2/src/main/scala/cpu/Alu.scala. Using presentation compiler with project's scala-library version: 3.3.6[0m
2025.11.20 23:53:39 INFO  no build target found for /home/jay/B11502041_PA2/src/main/scala/cpu/Alu.scala. Using presentation compiler with project's scala-library version: 3.3.6[0m
2025.11.20 23:53:39 INFO  no build target found for /home/jay/B11502041_PA2/src/main/scala/cpu/Alu.scala. Using presentation compiler with project's scala-library version: 3.3.6[0m
2025.11.20 23:53:39 INFO  no build target found for /home/jay/B11502041_PA2/src/main/scala/cpu/Alu.scala. Using presentation compiler with project's scala-library version: 3.3.6[0m
2025.11.20 23:53:39 INFO  no build target found for /home/jay/B11502041_PA2/src/main/scala/cpu/Alu.scala. Using presentation compiler with project's scala-library version: 3.3.6[0m
2025.11.20 23:53:40 INFO  no build target found for /home/jay/B11502041_PA2/src/main/scala/cpu/Alu.scala. Using presentation compiler with project's scala-library version: 3.3.6[0m
2025.11.20 23:53:40 INFO  no build target found for /home/jay/B11502041_PA2/src/main/scala/cpu/Alu.scala. Using presentation compiler with project's scala-library version: 3.3.6[0m
2025.11.20 23:53:40 INFO  no build target found for /home/jay/B11502041_PA2/src/main/scala/cpu/Alu.scala. Using presentation compiler with project's scala-library version: 3.3.6[0m
2025.11.20 23:53:40 INFO  no build target found for /home/jay/B11502041_PA2/src/main/scala/cpu/Alu.scala. Using presentation compiler with project's scala-library version: 3.3.6[0m
2025.11.20 23:53:41 INFO  no build target found for /home/jay/B11502041_PA2/src/main/scala/cpu/Alu.scala. Using presentation compiler with project's scala-library version: 3.3.6[0m
2025.11.20 23:53:41 INFO  no build target found for /home/jay/B11502041_PA2/src/main/scala/cpu/Alu.scala. Using presentation compiler with project's scala-library version: 3.3.6[0m
2025.11.20 23:53:42 INFO  no build target found for /home/jay/B11502041_PA2/src/main/scala/cpu/Alu.scala. Using presentation compiler with project's scala-library version: 3.3.6[0m
2025.11.20 23:53:42 INFO  no build target found for /home/jay/B11502041_PA2/src/main/scala/cpu/Alu.scala. Using presentation compiler with project's scala-library version: 3.3.6[0m
2025.11.20 23:53:42 INFO  no build target found for /home/jay/B11502041_PA2/src/main/scala/cpu/Alu.scala. Using presentation compiler with project's scala-library version: 3.3.6[0m
2025.11.20 23:53:42 INFO  no build target found for /home/jay/B11502041_PA2/src/main/scala/cpu/Alu.scala. Using presentation compiler with project's scala-library version: 3.3.6[0m
2025.11.20 23:53:44 INFO  no build target found for /home/jay/B11502041_PA2/src/main/scala/cpu/Alu.scala. Using presentation compiler with project's scala-library version: 3.3.6[0m
2025.11.20 23:53:44 INFO  no build target found for /home/jay/B11502041_PA2/src/main/scala/cpu/Alu.scala. Using presentation compiler with project's scala-library version: 3.3.6[0m
2025.11.20 23:53:44 INFO  no build target found for /home/jay/B11502041_PA2/src/main/scala/cpu/Alu.scala. Using presentation compiler with project's scala-library version: 3.3.6[0m
2025.11.20 23:53:44 INFO  no build target found for /home/jay/B11502041_PA2/src/main/scala/cpu/Alu.scala. Using presentation compiler with project's scala-library version: 3.3.6[0m
2025.11.20 23:53:44 INFO  no build target found for /home/jay/B11502041_PA2/src/main/scala/cpu/Alu.scala. Using presentation compiler with project's scala-library version: 3.3.6[0m
2025.11.20 23:53:44 INFO  no build target found for /home/jay/B11502041_PA2/src/main/scala/cpu/Alu.scala. Using presentation compiler with project's scala-library version: 3.3.6[0m
2025.11.20 23:53:44 INFO  no build target found for /home/jay/B11502041_PA2/src/main/scala/cpu/Alu.scala. Using presentation compiler with project's scala-library version: 3.3.6[0m
2025.11.20 23:53:45 INFO  no build target found for /home/jay/B11502041_PA2/src/main/scala/cpu/Alu.scala. Using presentation compiler with project's scala-library version: 3.3.6[0m
2025.11.20 23:53:45 INFO  no build target found for /home/jay/B11502041_PA2/src/main/scala/cpu/Alu.scala. Using presentation compiler with project's scala-library version: 3.3.6[0m
2025.11.20 23:53:45 INFO  no build target found for /home/jay/B11502041_PA2/src/main/scala/cpu/Alu.scala. Using presentation compiler with project's scala-library version: 3.3.6[0m
2025.11.20 23:53:45 INFO  no build target found for /home/jay/B11502041_PA2/src/main/scala/cpu/Alu.scala. Using presentation compiler with project's scala-library version: 3.3.6[0m
2025.11.20 23:53:45 INFO  no build target found for /home/jay/B11502041_PA2/src/main/scala/cpu/Alu.scala. Using presentation compiler with project's scala-library version: 3.3.6[0m
2025.11.20 23:53:45 INFO  no build target found for /home/jay/B11502041_PA2/src/main/scala/cpu/Alu.scala. Using presentation compiler with project's scala-library version: 3.3.6[0m
2025.11.20 23:53:46 INFO  no build target found for /home/jay/B11502041_PA2/src/main/scala/cpu/Alu.scala. Using presentation compiler with project's scala-library version: 3.3.6[0m
2025.11.20 23:53:46 INFO  no build target found for /home/jay/B11502041_PA2/src/main/scala/cpu/Alu.scala. Using presentation compiler with project's scala-library version: 3.3.6[0m
2025.11.20 23:53:46 INFO  no build target found for /home/jay/B11502041_PA2/src/main/scala/cpu/Alu.scala. Using presentation compiler with project's scala-library version: 3.3.6[0m
2025.11.20 23:53:46 INFO  no build target found for /home/jay/B11502041_PA2/src/main/scala/cpu/Alu.scala. Using presentation compiler with project's scala-library version: 3.3.6[0m
2025.11.20 23:53:46 INFO  no build target found for /home/jay/B11502041_PA2/src/main/scala/cpu/Alu.scala. Using presentation compiler with project's scala-library version: 3.3.6[0m
2025.11.20 23:53:46 INFO  no build target found for /home/jay/B11502041_PA2/src/main/scala/cpu/Alu.scala. Using presentation compiler with project's scala-library version: 3.3.6[0m
2025.11.20 23:53:46 INFO  no build target found for /home/jay/B11502041_PA2/src/main/scala/cpu/Alu.scala. Using presentation compiler with project's scala-library version: 3.3.6[0m
2025.11.20 23:53:47 INFO  no build target found for /home/jay/B11502041_PA2/src/main/scala/cpu/Alu.scala. Using presentation compiler with project's scala-library version: 3.3.6[0m
2025.11.20 23:53:47 INFO  no build target found for /home/jay/B11502041_PA2/src/main/scala/cpu/Alu.scala. Using presentation compiler with project's scala-library version: 3.3.6[0m
2025.11.20 23:53:47 INFO  no build target found for /home/jay/B11502041_PA2/src/main/scala/cpu/Alu.scala. Using presentation compiler with project's scala-library version: 3.3.6[0m
2025.11.20 23:53:47 INFO  no build target found for /home/jay/B11502041_PA2/src/main/scala/cpu/Alu.scala. Using presentation compiler with project's scala-library version: 3.3.6[0m
2025.11.20 23:53:47 INFO  no build target found for /home/jay/B11502041_PA2/src/main/scala/cpu/Alu.scala. Using presentation compiler with project's scala-library version: 3.3.6[0m
2025.11.20 23:53:47 INFO  no build target found for /home/jay/B11502041_PA2/src/main/scala/cpu/Alu.scala. Using presentation compiler with project's scala-library version: 3.3.6[0m
2025.11.20 23:53:48 INFO  no build target found for /home/jay/B11502041_PA2/src/main/scala/cpu/Alu.scala. Using presentation compiler with project's scala-library version: 3.3.6[0m
2025.11.20 23:53:48 INFO  no build target found for /home/jay/B11502041_PA2/src/main/scala/cpu/Alu.scala. Using presentation compiler with project's scala-library version: 3.3.6[0m
2025.11.20 23:53:48 INFO  no build target found for /home/jay/B11502041_PA2/src/main/scala/cpu/Alu.scala. Using presentation compiler with project's scala-library version: 3.3.6[0m
2025.11.20 23:53:48 INFO  no build target found for /home/jay/B11502041_PA2/src/main/scala/cpu/Alu.scala. Using presentation compiler with project's scala-library version: 3.3.6[0m
2025.11.20 23:53:50 INFO  no build target found for /home/jay/B11502041_PA2/src/main/scala/cpu/Alu.scala. Using presentation compiler with project's scala-library version: 3.3.6[0m
2025.11.20 23:53:50 INFO  no build target found for /home/jay/B11502041_PA2/src/main/scala/cpu/Alu.scala. Using presentation compiler with project's scala-library version: 3.3.6[0m
2025.11.20 23:53:50 INFO  no build target found for /home/jay/B11502041_PA2/src/main/scala/cpu/Alu.scala. Using presentation compiler with project's scala-library version: 3.3.6[0m
2025.11.20 23:53:50 INFO  no build target found for /home/jay/B11502041_PA2/src/main/scala/cpu/Alu.scala. Using presentation compiler with project's scala-library version: 3.3.6[0m
2025.11.20 23:53:50 INFO  no build target found for /home/jay/B11502041_PA2/src/main/scala/cpu/Alu.scala. Using presentation compiler with project's scala-library version: 3.3.6[0m
2025.11.20 23:53:52 INFO  no build target found for /home/jay/B11502041_PA2/src/main/scala/cpu/Alu.scala. Using presentation compiler with project's scala-library version: 3.3.6[0m
2025.11.20 23:53:52 INFO  no build target found for /home/jay/B11502041_PA2/src/main/scala/cpu/Alu.scala. Using presentation compiler with project's scala-library version: 3.3.6[0m
2025.11.20 23:53:53 INFO  no build target found for /home/jay/B11502041_PA2/src/main/scala/cpu/Alu.scala. Using presentation compiler with project's scala-library version: 3.3.6[0m
2025.11.20 23:53:52 INFO  no build target found for /home/jay/B11502041_PA2/src/main/scala/cpu/Alu.scala. Using presentation compiler with project's scala-library version: 3.3.6[0m
2025.11.20 23:53:52 INFO  no build target found for /home/jay/B11502041_PA2/src/main/scala/cpu/Alu.scala. Using presentation compiler with project's scala-library version: 3.3.6[0m
2025.11.20 23:53:52 INFO  no build target found for /home/jay/B11502041_PA2/src/main/scala/cpu/Alu.scala. Using presentation compiler with project's scala-library version: 3.3.6[0m
2025.11.20 23:53:53 INFO  no build target found for /home/jay/B11502041_PA2/src/main/scala/cpu/Alu.scala. Using presentation compiler with project's scala-library version: 3.3.6[0m
2025.11.20 23:53:52 INFO  no build target found for /home/jay/B11502041_PA2/src/main/scala/cpu/Alu.scala. Using presentation compiler with project's scala-library version: 3.3.6[0m
2025.11.20 23:53:52 INFO  no build target found for /home/jay/B11502041_PA2/src/main/scala/cpu/Alu.scala. Using presentation compiler with project's scala-library version: 3.3.6[0m
2025.11.20 23:53:53 INFO  no build target found for /home/jay/B11502041_PA2/src/main/scala/cpu/Alu.scala. Using presentation compiler with project's scala-library version: 3.3.6[0m
2025.11.20 23:53:53 INFO  no build target found for /home/jay/B11502041_PA2/src/main/scala/cpu/Alu.scala. Using presentation compiler with project's scala-library version: 3.3.6[0m
2025.11.20 23:53:54 INFO  no build target found for /home/jay/B11502041_PA2/src/main/scala/cpu/Alu.scala. Using presentation compiler with project's scala-library version: 3.3.6[0m
2025.11.20 23:53:53 INFO  no build target found for /home/jay/B11502041_PA2/src/main/scala/cpu/Alu.scala. Using presentation compiler with project's scala-library version: 3.3.6[0m
2025.11.20 23:53:53 INFO  no build target found for /home/jay/B11502041_PA2/src/main/scala/cpu/Alu.scala. Using presentation compiler with project's scala-library version: 3.3.6[0m
2025.11.20 23:53:54 INFO  no build target found for /home/jay/B11502041_PA2/src/main/scala/cpu/Alu.scala. Using presentation compiler with project's scala-library version: 3.3.6[0m
2025.11.20 23:53:53 INFO  no build target found for /home/jay/B11502041_PA2/src/main/scala/cpu/Alu.scala. Using presentation compiler with project's scala-library version: 3.3.6[0m
2025.11.20 23:53:53 INFO  no build target found for /home/jay/B11502041_PA2/src/main/scala/cpu/Alu.scala. Using presentation compiler with project's scala-library version: 3.3.6[0m
2025.11.20 23:53:54 INFO  no build target found for /home/jay/B11502041_PA2/src/main/scala/cpu/Alu.scala. Using presentation compiler with project's scala-library version: 3.3.6[0m
2025.11.20 23:53:55 INFO  no build target found for /home/jay/B11502041_PA2/src/main/scala/cpu/Alu.scala. Using presentation compiler with project's scala-library version: 3.3.6[0m
2025.11.20 23:53:55 INFO  no build target found for /home/jay/B11502041_PA2/src/main/scala/cpu/Alu.scala. Using presentation compiler with project's scala-library version: 3.3.6[0m
2025.11.20 23:53:55 INFO  no build target found for /home/jay/B11502041_PA2/src/main/scala/cpu/Alu.scala. Using presentation compiler with project's scala-library version: 3.3.6[0m
2025.11.20 23:53:55 INFO  no build target found for /home/jay/B11502041_PA2/src/main/scala/cpu/Alu.scala. Using presentation compiler with project's scala-library version: 3.3.6[0m
2025.11.20 23:53:55 INFO  no build target found for /home/jay/B11502041_PA2/src/main/scala/cpu/Alu.scala. Using presentation compiler with project's scala-library version: 3.3.6[0m
2025.11.20 23:53:55 INFO  no build target found for /home/jay/B11502041_PA2/src/main/scala/cpu/Alu.scala. Using presentation compiler with project's scala-library version: 3.3.6[0m
2025.11.20 23:53:55 INFO  no build target found for /home/jay/B11502041_PA2/src/main/scala/cpu/Alu.scala. Using presentation compiler with project's scala-library version: 3.3.6[0m
2025.11.20 23:53:55 INFO  no build target found for /home/jay/B11502041_PA2/src/main/scala/cpu/Alu.scala. Using presentation compiler with project's scala-library version: 3.3.6[0m
2025.11.20 23:53:56 INFO  no build target found for /home/jay/B11502041_PA2/src/main/scala/cpu/Alu.scala. Using presentation compiler with project's scala-library version: 3.3.6[0m
2025.11.20 23:53:56 INFO  no build target found for /home/jay/B11502041_PA2/src/main/scala/cpu/Alu.scala. Using presentation compiler with project's scala-library version: 3.3.6[0m
2025.11.20 23:53:56 INFO  no build target found for /home/jay/B11502041_PA2/src/main/scala/cpu/Alu.scala. Using presentation compiler with project's scala-library version: 3.3.6[0m
2025.11.20 23:53:56 INFO  no build target found for /home/jay/B11502041_PA2/src/main/scala/cpu/Alu.scala. Using presentation compiler with project's scala-library version: 3.3.6[0m
2025.11.20 23:53:56 INFO  no build target found for /home/jay/B11502041_PA2/src/main/scala/cpu/Alu.scala. Using presentation compiler with project's scala-library version: 3.3.6[0m
2025.11.20 23:53:57 INFO  no build target found for /home/jay/B11502041_PA2/src/main/scala/cpu/Alu.scala. Using presentation compiler with project's scala-library version: 3.3.6[0m
2025.11.20 23:53:58 INFO  no build target found for /home/jay/B11502041_PA2/src/main/scala/cpu/Alu.scala. Using presentation compiler with project's scala-library version: 3.3.6[0m
2025.11.20 23:53:57 INFO  no build target found for /home/jay/B11502041_PA2/src/main/scala/cpu/Alu.scala. Using presentation compiler with project's scala-library version: 3.3.6[0m
2025.11.20 23:53:57 INFO  no build target found for /home/jay/B11502041_PA2/src/main/scala/cpu/Alu.scala. Using presentation compiler with project's scala-library version: 3.3.6[0m
2025.11.20 23:53:58 INFO  no build target found for /home/jay/B11502041_PA2/src/main/scala/cpu/Alu.scala. Using presentation compiler with project's scala-library version: 3.3.6[0m
2025.11.20 23:53:59 INFO  no build target found for /home/jay/B11502041_PA2/src/main/scala/cpu/Alu.scala. Using presentation compiler with project's scala-library version: 3.3.6[0m
2025.11.20 23:53:59 INFO  no build target found for /home/jay/B11502041_PA2/src/main/scala/cpu/Alu.scala. Using presentation compiler with project's scala-library version: 3.3.6[0m
2025.11.20 23:53:59 INFO  no build target found for /home/jay/B11502041_PA2/src/main/scala/cpu/Alu.scala. Using presentation compiler with project's scala-library version: 3.3.6[0m
2025.11.20 23:53:59 INFO  no build target found for /home/jay/B11502041_PA2/src/main/scala/cpu/Alu.scala. Using presentation compiler with project's scala-library version: 3.3.6[0m
2025.11.20 23:53:59 INFO  no build target found for /home/jay/B11502041_PA2/src/main/scala/cpu/Alu.scala. Using presentation compiler with project's scala-library version: 3.3.6[0m
2025.11.20 23:53:59 INFO  no build target found for /home/jay/B11502041_PA2/src/main/scala/cpu/Alu.scala. Using presentation compiler with project's scala-library version: 3.3.6[0m
2025.11.20 23:53:59 INFO  no build target found for /home/jay/B11502041_PA2/src/main/scala/cpu/Alu.scala. Using presentation compiler with project's scala-library version: 3.3.6[0m
2025.11.20 23:54:00 INFO  no build target found for /home/jay/B11502041_PA2/src/main/scala/cpu/Alu.scala. Using presentation compiler with project's scala-library version: 3.3.6[0m
2025.11.20 23:53:59 INFO  no build target found for /home/jay/B11502041_PA2/src/main/scala/cpu/Alu.scala. Using presentation compiler with project's scala-library version: 3.3.6[0m
2025.11.20 23:54:00 INFO  no build target found for /home/jay/B11502041_PA2/src/main/scala/cpu/Alu.scala. Using presentation compiler with project's scala-library version: 3.3.6[0m
2025.11.20 23:54:00 INFO  no build target found for /home/jay/B11502041_PA2/src/main/scala/cpu/Alu.scala. Using presentation compiler with project's scala-library version: 3.3.6[0m
2025.11.20 23:54:00 INFO  no build target found for /home/jay/B11502041_PA2/src/main/scala/cpu/Alu.scala. Using presentation compiler with project's scala-library version: 3.3.6[0m
2025.11.20 23:54:00 INFO  no build target found for /home/jay/B11502041_PA2/src/main/scala/cpu/Alu.scala. Using presentation compiler with project's scala-library version: 3.3.6[0m
2025.11.20 23:54:00 INFO  no build target found for /home/jay/B11502041_PA2/src/main/scala/cpu/Alu.scala. Using presentation compiler with project's scala-library version: 3.3.6[0m
2025.11.20 23:54:00 INFO  no build target found for /home/jay/B11502041_PA2/src/main/scala/cpu/Alu.scala. Using presentation compiler with project's scala-library version: 3.3.6[0m
2025.11.20 23:54:01 INFO  no build target found for /home/jay/B11502041_PA2/src/main/scala/cpu/Alu.scala. Using presentation compiler with project's scala-library version: 3.3.6[0m
2025.11.20 23:54:00 INFO  no build target found for /home/jay/B11502041_PA2/src/main/scala/cpu/Alu.scala. Using presentation compiler with project's scala-library version: 3.3.6[0m
2025.11.20 23:54:02 INFO  no build target found for /home/jay/B11502041_PA2/src/main/scala/cpu/Alu.scala. Using presentation compiler with project's scala-library version: 3.3.6[0m
2025.11.20 23:54:02 INFO  no build target found for /home/jay/B11502041_PA2/src/main/scala/cpu/Alu.scala. Using presentation compiler with project's scala-library version: 3.3.6[0m
2025.11.20 23:54:02 INFO  no build target found for /home/jay/B11502041_PA2/src/main/scala/cpu/Alu.scala. Using presentation compiler with project's scala-library version: 3.3.6[0m
2025.11.20 23:54:02 INFO  no build target found for /home/jay/B11502041_PA2/src/main/scala/cpu/Alu.scala. Using presentation compiler with project's scala-library version: 3.3.6[0m
2025.11.20 23:54:02 INFO  no build target found for /home/jay/B11502041_PA2/src/main/scala/cpu/Alu.scala. Using presentation compiler with project's scala-library version: 3.3.6[0m
2025.11.20 23:54:02 INFO  no build target found for /home/jay/B11502041_PA2/src/main/scala/cpu/Alu.scala. Using presentation compiler with project's scala-library version: 3.3.6[0m
2025.11.20 23:54:03 INFO  empty definition using pc, found symbol in pc: `<none>`. (full report at: "/home/jay/B11502041_PA2/.metals/.reports/metals-full/2025-11-20/r_empty-definition_23-35-44-398.md")[0m
2025.11.20 23:54:03 INFO  no build target found for /home/jay/B11502041_PA2/src/main/scala/cpu/Alu.scala. Using presentation compiler with project's scala-library version: 3.3.6[0m
2025.11.20 23:54:03 WARN  no build target for: /home/jay/B11502041_PA2/src/main/scala/cpu/Alu.scala[0m
2025.11.20 23:54:03 INFO  no build target found for /home/jay/B11502041_PA2/src/main/scala/cpu/Alu.scala. Using presentation compiler with project's scala-library version: 3.3.6[0m
2025.11.20 23:54:03 INFO  no build target found for /home/jay/B11502041_PA2/src/main/scala/cpu/Alu.scala. Using presentation compiler with project's scala-library version: 3.3.6[0m
2025.11.20 23:54:03 INFO  empty definition using pc, found symbol in pc: `<none>`. (full report at: "/home/jay/B11502041_PA2/.metals/.reports/metals-full/2025-11-20/r_empty-definition_23-35-44-398.md")[0m
2025.11.20 23:54:03 INFO  no build target found for /home/jay/B11502041_PA2/src/main/scala/cpu/Alu.scala. Using presentation compiler with project's scala-library version: 3.3.6[0m
2025.11.20 23:54:04 INFO  no build target found for /home/jay/B11502041_PA2/src/main/scala/cpu/Alu.scala. Using presentation compiler with project's scala-library version: 3.3.6[0m
2025.11.20 23:54:04 INFO  no build target found for /home/jay/B11502041_PA2/src/main/scala/cpu/Alu.scala. Using presentation compiler with project's scala-library version: 3.3.6[0m
2025.11.20 23:54:03 INFO  no build target found for /home/jay/B11502041_PA2/src/main/scala/cpu/Alu.scala. Using presentation compiler with project's scala-library version: 3.3.6[0m
2025.11.20 23:54:03 INFO  no build target found for /home/jay/B11502041_PA2/src/main/scala/cpu/Alu.scala. Using presentation compiler with project's scala-library version: 3.3.6[0m
Exception in thread "pool-333-thread-1" java.lang.InterruptedException
	at scala.meta.internal.metals.FutureCancelToken.checkCanceled(FutureCancelToken.scala:29)
	at scala.meta.internal.pc.CompilerAccess.onCompilerJobQueue$$anonfun$1(CompilerAccess.scala:244)
	at scala.meta.internal.pc.CompilerJobQueue$Job.run(CompilerJobQueue.scala:153)
	at java.base/java.util.concurrent.ThreadPoolExecutor.runWorker(ThreadPoolExecutor.java:1136)
	at java.base/java.util.concurrent.ThreadPoolExecutor$Worker.run(ThreadPoolExecutor.java:635)
	at java.base/java.lang.Thread.run(Thread.java:840)
2025.11.20 23:54:04 WARN  no build target for: /home/jay/B11502041_PA2/src/main/scala/cpu/Alu.scala[0m
2025.11.20 23:54:04 INFO  no build target found for /home/jay/B11502041_PA2/src/main/scala/cpu/Alu.scala. Using presentation compiler with project's scala-library version: 3.3.6[0m
2025.11.20 23:54:04 INFO  no build target found for /home/jay/B11502041_PA2/src/main/scala/cpu/Alu.scala. Using presentation compiler with project's scala-library version: 3.3.6[0m
2025.11.20 23:54:04 INFO  no build target found for /home/jay/B11502041_PA2/src/main/scala/cpu/Alu.scala. Using presentation compiler with project's scala-library version: 3.3.6[0m
2025.11.20 23:54:04 INFO  no build target found for /home/jay/B11502041_PA2/src/main/scala/cpu/Alu.scala. Using presentation compiler with project's scala-library version: 3.3.6[0m
2025.11.20 23:54:04 INFO  no build target found for /home/jay/B11502041_PA2/src/main/scala/cpu/Alu.scala. Using presentation compiler with project's scala-library version: 3.3.6[0m
2025.11.20 23:54:04 INFO  no build target found for /home/jay/B11502041_PA2/src/main/scala/cpu/Alu.scala. Using presentation compiler with project's scala-library version: 3.3.6[0m
2025.11.20 23:54:04 INFO  no build target found for /home/jay/B11502041_PA2/src/main/scala/cpu/Alu.scala. Using presentation compiler with project's scala-library version: 3.3.6[0m
2025.11.20 23:54:04 INFO  no build target found for /home/jay/B11502041_PA2/src/main/scala/cpu/Decoder.scala. Using presentation compiler with project's scala-library version: 3.3.6[0m
2025.11.20 23:54:04 WARN  no build target for: /home/jay/B11502041_PA2/src/main/scala/cpu/Decoder.scala[0m
2025.11.20 23:54:04 INFO  no build target found for /home/jay/B11502041_PA2/src/main/scala/cpu/Decoder.scala. Using presentation compiler with project's scala-library version: 3.3.6[0m
2025.11.20 23:54:04 INFO  no build target found for /home/jay/B11502041_PA2/src/main/scala/cpu/Decoder.scala. Using presentation compiler with project's scala-library version: 3.3.6[0m
2025.11.20 23:54:07 INFO  no build target found for /home/jay/B11502041_PA2/src/main/scala/cpu/Regfile.scala. Using presentation compiler with project's scala-library version: 3.3.6[0m
2025.11.20 23:54:07 WARN  no build target for: /home/jay/B11502041_PA2/src/main/scala/cpu/Regfile.scala[0m
2025.11.20 23:54:07 INFO  no build target found for /home/jay/B11502041_PA2/src/main/scala/cpu/Regfile.scala. Using presentation compiler with project's scala-library version: 3.3.6[0m
2025.11.20 23:54:07 INFO  no build target found for /home/jay/B11502041_PA2/src/main/scala/cpu/Regfile.scala. Using presentation compiler with project's scala-library version: 3.3.6[0m
2025.11.20 23:54:07 INFO  no build target found for /home/jay/B11502041_PA2/src/main/scala/cpu/Regfile.scala. Using presentation compiler with project's scala-library version: 3.3.6[0m
2025.11.20 23:54:07 INFO  no build target found for /home/jay/B11502041_PA2/src/main/scala/cpu/Alu.scala. Using presentation compiler with project's scala-library version: 3.3.6[0m
2025.11.20 23:54:07 WARN  no build target for: /home/jay/B11502041_PA2/src/main/scala/cpu/Alu.scala[0m
2025.11.20 23:54:07 INFO  no build target found for /home/jay/B11502041_PA2/src/main/scala/cpu/Alu.scala. Using presentation compiler with project's scala-library version: 3.3.6[0m
2025.11.20 23:54:07 INFO  no build target found for /home/jay/B11502041_PA2/src/main/scala/cpu/Alu.scala. Using presentation compiler with project's scala-library version: 3.3.6[0m
2025.11.20 23:54:07 INFO  no build target found for /home/jay/B11502041_PA2/src/main/scala/cpu/Alu.scala. Using presentation compiler with project's scala-library version: 3.3.6[0m
2025.11.20 23:54:07 INFO  no build target found for /home/jay/B11502041_PA2/src/main/scala/cpu/Decoder.scala. Using presentation compiler with project's scala-library version: 3.3.6[0m
2025.11.20 23:54:07 WARN  no build target for: /home/jay/B11502041_PA2/src/main/scala/cpu/Decoder.scala[0m
2025.11.20 23:54:08 INFO  no build target found for /home/jay/B11502041_PA2/src/main/scala/cpu/Decoder.scala. Using presentation compiler with project's scala-library version: 3.3.6[0m
2025.11.20 23:54:08 INFO  no build target found for /home/jay/B11502041_PA2/src/main/scala/cpu/Decoder.scala. Using presentation compiler with project's scala-library version: 3.3.6[0m
2025.11.20 23:54:08 INFO  no build target found for /home/jay/B11502041_PA2/src/main/scala/cpu/Decoder.scala. Using presentation compiler with project's scala-library version: 3.3.6[0m
2025.11.20 23:54:09 INFO  no build target found for /home/jay/B11502041_PA2/src/main/scala/cpu/Decoder.scala. Using presentation compiler with project's scala-library version: 3.3.6[0m
2025.11.20 23:54:09 INFO  no build target found for /home/jay/B11502041_PA2/src/main/scala/cpu/Decoder.scala. Using presentation compiler with project's scala-library version: 3.3.6[0m
2025.11.20 23:54:09 INFO  no build target found for /home/jay/B11502041_PA2/src/main/scala/cpu/Decoder.scala. Using presentation compiler with project's scala-library version: 3.3.6[0m
2025.11.20 23:54:09 INFO  no build target found for /home/jay/B11502041_PA2/src/main/scala/cpu/Decoder.scala. Using presentation compiler with project's scala-library version: 3.3.6[0m
2025.11.20 23:54:10 INFO  no build target found for /home/jay/B11502041_PA2/src/main/scala/cpu/Decoder.scala. Using presentation compiler with project's scala-library version: 3.3.6[0m
2025.11.20 23:54:09 INFO  no build target found for /home/jay/B11502041_PA2/src/main/scala/cpu/Decoder.scala. Using presentation compiler with project's scala-library version: 3.3.6[0m
2025.11.20 23:54:09 INFO  no build target found for /home/jay/B11502041_PA2/src/main/scala/cpu/Decoder.scala. Using presentation compiler with project's scala-library version: 3.3.6[0m
2025.11.20 23:54:11 INFO  no build target found for /home/jay/B11502041_PA2/src/main/scala/cpu/Decoder.scala. Using presentation compiler with project's scala-library version: 3.3.6[0m
2025.11.20 23:54:11 INFO  no build target found for /home/jay/B11502041_PA2/src/main/scala/cpu/Decoder.scala. Using presentation compiler with project's scala-library version: 3.3.6[0m
2025.11.20 23:54:11 INFO  no build target found for /home/jay/B11502041_PA2/src/main/scala/cpu/Decoder.scala. Using presentation compiler with project's scala-library version: 3.3.6[0m
2025.11.20 23:54:11 INFO  no build target found for /home/jay/B11502041_PA2/src/main/scala/cpu/Decoder.scala. Using presentation compiler with project's scala-library version: 3.3.6[0m
2025.11.20 23:54:11 INFO  no build target found for /home/jay/B11502041_PA2/src/main/scala/cpu/Decoder.scala. Using presentation compiler with project's scala-library version: 3.3.6[0m
2025.11.20 23:54:11 INFO  no build target found for /home/jay/B11502041_PA2/src/main/scala/cpu/Decoder.scala. Using presentation compiler with project's scala-library version: 3.3.6[0m
2025.11.20 23:54:12 INFO  no build target found for /home/jay/B11502041_PA2/src/main/scala/cpu/Decoder.scala. Using presentation compiler with project's scala-library version: 3.3.6[0m
2025.11.20 23:54:11 INFO  no build target found for /home/jay/B11502041_PA2/src/main/scala/cpu/Decoder.scala. Using presentation compiler with project's scala-library version: 3.3.6[0m
2025.11.20 23:54:12 INFO  no build target found for /home/jay/B11502041_PA2/src/main/scala/cpu/Decoder.scala. Using presentation compiler with project's scala-library version: 3.3.6[0m
2025.11.20 23:54:12 INFO  no build target found for /home/jay/B11502041_PA2/src/main/scala/cpu/Decoder.scala. Using presentation compiler with project's scala-library version: 3.3.6[0m
2025.11.20 23:54:12 INFO  no build target found for /home/jay/B11502041_PA2/src/main/scala/cpu/Decoder.scala. Using presentation compiler with project's scala-library version: 3.3.6[0m
2025.11.20 23:54:12 INFO  no build target found for /home/jay/B11502041_PA2/src/main/scala/cpu/Decoder.scala. Using presentation compiler with project's scala-library version: 3.3.6[0m
2025.11.20 23:54:12 INFO  no build target found for /home/jay/B11502041_PA2/src/main/scala/cpu/Decoder.scala. Using presentation compiler with project's scala-library version: 3.3.6[0m
2025.11.20 23:54:12 INFO  no build target found for /home/jay/B11502041_PA2/src/main/scala/cpu/Decoder.scala. Using presentation compiler with project's scala-library version: 3.3.6[0m
2025.11.20 23:54:13 INFO  no build target found for /home/jay/B11502041_PA2/src/main/scala/cpu/Decoder.scala. Using presentation compiler with project's scala-library version: 3.3.6[0m
2025.11.20 23:54:14 INFO  no build target found for /home/jay/B11502041_PA2/src/main/scala/cpu/Decoder.scala. Using presentation compiler with project's scala-library version: 3.3.6[0m
2025.11.20 23:54:14 INFO  no build target found for /home/jay/B11502041_PA2/src/main/scala/cpu/Decoder.scala. Using presentation compiler with project's scala-library version: 3.3.6[0m
2025.11.20 23:54:14 INFO  no build target found for /home/jay/B11502041_PA2/src/main/scala/cpu/Decoder.scala. Using presentation compiler with project's scala-library version: 3.3.6[0m
2025.11.20 23:54:14 INFO  no build target found for /home/jay/B11502041_PA2/src/main/scala/cpu/Decoder.scala. Using presentation compiler with project's scala-library version: 3.3.6[0m
2025.11.20 23:54:15 INFO  no build target found for /home/jay/B11502041_PA2/src/main/scala/cpu/Decoder.scala. Using presentation compiler with project's scala-library version: 3.3.6[0m
2025.11.20 23:54:15 INFO  no build target found for /home/jay/B11502041_PA2/src/main/scala/cpu/Decoder.scala. Using presentation compiler with project's scala-library version: 3.3.6[0m
2025.11.20 23:54:16 INFO  no build target found for /home/jay/B11502041_PA2/src/main/scala/cpu/Decoder.scala. Using presentation compiler with project's scala-library version: 3.3.6[0m
2025.11.20 23:54:15 INFO  no build target found for /home/jay/B11502041_PA2/src/main/scala/cpu/Decoder.scala. Using presentation compiler with project's scala-library version: 3.3.6[0m
2025.11.20 23:54:17 INFO  no build target found for /home/jay/B11502041_PA2/src/main/scala/cpu/Decoder.scala. Using presentation compiler with project's scala-library version: 3.3.6[0m
2025.11.20 23:54:17 INFO  no build target found for /home/jay/B11502041_PA2/src/main/scala/cpu/Decoder.scala. Using presentation compiler with project's scala-library version: 3.3.6[0m
2025.11.20 23:54:17 INFO  no build target found for /home/jay/B11502041_PA2/src/main/scala/cpu/Decoder.scala. Using presentation compiler with project's scala-library version: 3.3.6[0m
2025.11.20 23:54:18 INFO  no build target found for /home/jay/B11502041_PA2/src/main/scala/cpu/Decoder.scala. Using presentation compiler with project's scala-library version: 3.3.6[0m
2025.11.20 23:54:18 INFO  no build target found for /home/jay/B11502041_PA2/src/main/scala/cpu/Decoder.scala. Using presentation compiler with project's scala-library version: 3.3.6[0m
2025.11.20 23:54:18 INFO  no build target found for /home/jay/B11502041_PA2/src/main/scala/cpu/Decoder.scala. Using presentation compiler with project's scala-library version: 3.3.6[0m
2025.11.20 23:54:18 INFO  no build target found for /home/jay/B11502041_PA2/src/main/scala/cpu/Decoder.scala. Using presentation compiler with project's scala-library version: 3.3.6[0m
2025.11.20 23:54:18 INFO  no build target found for /home/jay/B11502041_PA2/src/main/scala/cpu/Decoder.scala. Using presentation compiler with project's scala-library version: 3.3.6[0m
2025.11.20 23:54:19 INFO  no build target found for /home/jay/B11502041_PA2/src/main/scala/cpu/Decoder.scala. Using presentation compiler with project's scala-library version: 3.3.6[0m
2025.11.20 23:54:19 INFO  no build target found for /home/jay/B11502041_PA2/src/main/scala/cpu/Decoder.scala. Using presentation compiler with project's scala-library version: 3.3.6[0m
2025.11.20 23:54:19 INFO  no build target found for /home/jay/B11502041_PA2/src/main/scala/cpu/Decoder.scala. Using presentation compiler with project's scala-library version: 3.3.6[0m
2025.11.20 23:54:19 INFO  no build target found for /home/jay/B11502041_PA2/src/main/scala/cpu/Decoder.scala. Using presentation compiler with project's scala-library version: 3.3.6[0m
2025.11.20 23:54:20 INFO  no build target found for /home/jay/B11502041_PA2/src/main/scala/cpu/Decoder.scala. Using presentation compiler with project's scala-library version: 3.3.6[0m
2025.11.20 23:54:19 INFO  no build target found for /home/jay/B11502041_PA2/src/main/scala/cpu/Decoder.scala. Using presentation compiler with project's scala-library version: 3.3.6[0m
2025.11.20 23:54:20 INFO  no build target found for /home/jay/B11502041_PA2/src/main/scala/cpu/Decoder.scala. Using presentation compiler with project's scala-library version: 3.3.6[0m
2025.11.20 23:54:21 INFO  no build target found for /home/jay/B11502041_PA2/src/main/scala/cpu/Decoder.scala. Using presentation compiler with project's scala-library version: 3.3.6[0m
2025.11.20 23:54:21 INFO  no build target found for /home/jay/B11502041_PA2/src/main/scala/cpu/Decoder.scala. Using presentation compiler with project's scala-library version: 3.3.6[0m
2025.11.20 23:54:21 INFO  no build target found for /home/jay/B11502041_PA2/src/main/scala/cpu/Decoder.scala. Using presentation compiler with project's scala-library version: 3.3.6[0m
2025.11.20 23:54:21 INFO  no build target found for /home/jay/B11502041_PA2/src/main/scala/cpu/Decoder.scala. Using presentation compiler with project's scala-library version: 3.3.6[0m
2025.11.20 23:54:24 INFO  no build target found for /home/jay/B11502041_PA2/src/main/scala/cpu/Decoder.scala. Using presentation compiler with project's scala-library version: 3.3.6[0m
2025.11.20 23:54:24 INFO  no build target found for /home/jay/B11502041_PA2/src/main/scala/cpu/Decoder.scala. Using presentation compiler with project's scala-library version: 3.3.6[0m
2025.11.20 23:54:24 INFO  no build target found for /home/jay/B11502041_PA2/src/main/scala/cpu/Decoder.scala. Using presentation compiler with project's scala-library version: 3.3.6[0m
2025.11.20 23:54:24 INFO  no build target found for /home/jay/B11502041_PA2/src/main/scala/cpu/Decoder.scala. Using presentation compiler with project's scala-library version: 3.3.6[0m
2025.11.20 23:54:24 INFO  no build target found for /home/jay/B11502041_PA2/src/main/scala/cpu/Decoder.scala. Using presentation compiler with project's scala-library version: 3.3.6[0m
2025.11.20 23:54:24 INFO  no build target found for /home/jay/B11502041_PA2/src/main/scala/cpu/Decoder.scala. Using presentation compiler with project's scala-library version: 3.3.6[0m
2025.11.20 23:54:27 INFO  no build target found for /home/jay/B11502041_PA2/src/main/scala/cpu/Decoder.scala. Using presentation compiler with project's scala-library version: 3.3.6[0m
2025.11.20 23:54:27 INFO  no build target found for /home/jay/B11502041_PA2/src/main/scala/cpu/Decoder.scala. Using presentation compiler with project's scala-library version: 3.3.6[0m
2025.11.20 23:54:27 INFO  no build target found for /home/jay/B11502041_PA2/src/main/scala/cpu/Decoder.scala. Using presentation compiler with project's scala-library version: 3.3.6[0m
2025.11.20 23:54:27 INFO  no build target found for /home/jay/B11502041_PA2/src/main/scala/cpu/Decoder.scala. Using presentation compiler with project's scala-library version: 3.3.6[0m
2025.11.20 23:54:27 INFO  no build target found for /home/jay/B11502041_PA2/src/main/scala/cpu/Decoder.scala. Using presentation compiler with project's scala-library version: 3.3.6[0m
2025.11.20 23:54:27 INFO  no build target found for /home/jay/B11502041_PA2/src/main/scala/cpu/Decoder.scala. Using presentation compiler with project's scala-library version: 3.3.6[0m
2025.11.20 23:54:27 INFO  no build target found for /home/jay/B11502041_PA2/src/main/scala/cpu/Decoder.scala. Using presentation compiler with project's scala-library version: 3.3.6[0m
2025.11.20 23:54:27 INFO  no build target found for /home/jay/B11502041_PA2/src/main/scala/cpu/Decoder.scala. Using presentation compiler with project's scala-library version: 3.3.6[0m
2025.11.20 23:54:28 INFO  no build target found for /home/jay/B11502041_PA2/src/main/scala/cpu/Decoder.scala. Using presentation compiler with project's scala-library version: 3.3.6[0m
2025.11.20 23:54:28 INFO  no build target found for /home/jay/B11502041_PA2/src/main/scala/cpu/Decoder.scala. Using presentation compiler with project's scala-library version: 3.3.6[0m
2025.11.20 23:54:28 INFO  no build target found for /home/jay/B11502041_PA2/src/main/scala/cpu/Decoder.scala. Using presentation compiler with project's scala-library version: 3.3.6[0m
2025.11.20 23:54:28 INFO  no build target found for /home/jay/B11502041_PA2/src/main/scala/cpu/Decoder.scala. Using presentation compiler with project's scala-library version: 3.3.6[0m
2025.11.20 23:54:28 INFO  no build target found for /home/jay/B11502041_PA2/src/main/scala/cpu/Decoder.scala. Using presentation compiler with project's scala-library version: 3.3.6[0m
2025.11.20 23:54:28 INFO  no build target found for /home/jay/B11502041_PA2/src/main/scala/cpu/Decoder.scala. Using presentation compiler with project's scala-library version: 3.3.6[0m
2025.11.20 23:54:29 INFO  no build target found for /home/jay/B11502041_PA2/src/main/scala/cpu/Decoder.scala. Using presentation compiler with project's scala-library version: 3.3.6[0m
2025.11.20 23:54:29 INFO  no build target found for /home/jay/B11502041_PA2/src/main/scala/cpu/Decoder.scala. Using presentation compiler with project's scala-library version: 3.3.6[0m
2025.11.20 23:54:29 INFO  no build target found for /home/jay/B11502041_PA2/src/main/scala/cpu/Decoder.scala. Using presentation compiler with project's scala-library version: 3.3.6[0m
2025.11.20 23:54:30 INFO  no build target found for /home/jay/B11502041_PA2/src/main/scala/cpu/Decoder.scala. Using presentation compiler with project's scala-library version: 3.3.6[0m
2025.11.20 23:54:30 INFO  no build target found for /home/jay/B11502041_PA2/src/main/scala/cpu/Decoder.scala. Using presentation compiler with project's scala-library version: 3.3.6[0m
2025.11.20 23:54:30 INFO  no build target found for /home/jay/B11502041_PA2/src/main/scala/cpu/Decoder.scala. Using presentation compiler with project's scala-library version: 3.3.6[0m
2025.11.20 23:54:31 INFO  no build target found for /home/jay/B11502041_PA2/src/main/scala/cpu/Decoder.scala. Using presentation compiler with project's scala-library version: 3.3.6[0m
2025.11.20 23:54:30 INFO  no build target found for /home/jay/B11502041_PA2/src/main/scala/cpu/Decoder.scala. Using presentation compiler with project's scala-library version: 3.3.6[0m
2025.11.20 23:54:30 INFO  no build target found for /home/jay/B11502041_PA2/src/main/scala/cpu/Decoder.scala. Using presentation compiler with project's scala-library version: 3.3.6[0m
2025.11.20 23:54:31 INFO  no build target found for /home/jay/B11502041_PA2/src/main/scala/cpu/Decoder.scala. Using presentation compiler with project's scala-library version: 3.3.6[0m
2025.11.20 23:54:30 INFO  no build target found for /home/jay/B11502041_PA2/src/main/scala/cpu/Decoder.scala. Using presentation compiler with project's scala-library version: 3.3.6[0m
2025.11.20 23:54:33 INFO  no build target found for /home/jay/B11502041_PA2/src/main/scala/cpu/Decoder.scala. Using presentation compiler with project's scala-library version: 3.3.6[0m
2025.11.20 23:54:33 INFO  no build target found for /home/jay/B11502041_PA2/src/main/scala/cpu/Decoder.scala. Using presentation compiler with project's scala-library version: 3.3.6[0m
2025.11.20 23:54:33 INFO  no build target found for /home/jay/B11502041_PA2/src/main/scala/cpu/Decoder.scala. Using presentation compiler with project's scala-library version: 3.3.6[0m
2025.11.20 23:54:33 INFO  no build target found for /home/jay/B11502041_PA2/src/main/scala/cpu/Decoder.scala. Using presentation compiler with project's scala-library version: 3.3.6[0m
2025.11.20 23:54:33 INFO  no build target found for /home/jay/B11502041_PA2/src/main/scala/cpu/Decoder.scala. Using presentation compiler with project's scala-library version: 3.3.6[0m
2025.11.20 23:54:33 INFO  no build target found for /home/jay/B11502041_PA2/src/main/scala/cpu/Decoder.scala. Using presentation compiler with project's scala-library version: 3.3.6[0m
2025.11.20 23:54:36 INFO  no build target found for /home/jay/B11502041_PA2/src/main/scala/cpu/Decoder.scala. Using presentation compiler with project's scala-library version: 3.3.6[0m
2025.11.20 23:54:36 INFO  no build target found for /home/jay/B11502041_PA2/src/main/scala/cpu/Decoder.scala. Using presentation compiler with project's scala-library version: 3.3.6[0m
2025.11.20 23:54:36 INFO  no build target found for /home/jay/B11502041_PA2/src/main/scala/cpu/Decoder.scala. Using presentation compiler with project's scala-library version: 3.3.6[0m
2025.11.20 23:54:39 INFO  no build target found for /home/jay/B11502041_PA2/src/main/scala/cpu/Decoder.scala. Using presentation compiler with project's scala-library version: 3.3.6[0m
2025.11.20 23:54:41 INFO  no build target found for /home/jay/B11502041_PA2/src/main/scala/cpu/Decoder.scala. Using presentation compiler with project's scala-library version: 3.3.6[0m
2025.11.20 23:54:41 INFO  no build target found for /home/jay/B11502041_PA2/src/main/scala/cpu/Decoder.scala. Using presentation compiler with project's scala-library version: 3.3.6[0m
2025.11.20 23:54:42 INFO  no build target found for /home/jay/B11502041_PA2/src/main/scala/cpu/Decoder.scala. Using presentation compiler with project's scala-library version: 3.3.6[0m
2025.11.20 23:54:41 INFO  no build target found for /home/jay/B11502041_PA2/src/main/scala/cpu/Decoder.scala. Using presentation compiler with project's scala-library version: 3.3.6[0m
2025.11.20 23:54:41 INFO  no build target found for /home/jay/B11502041_PA2/src/main/scala/cpu/Decoder.scala. Using presentation compiler with project's scala-library version: 3.3.6[0m
2025.11.20 23:54:41 INFO  no build target found for /home/jay/B11502041_PA2/src/main/scala/cpu/Decoder.scala. Using presentation compiler with project's scala-library version: 3.3.6[0m
2025.11.20 23:54:42 INFO  no build target found for /home/jay/B11502041_PA2/src/main/scala/cpu/Decoder.scala. Using presentation compiler with project's scala-library version: 3.3.6[0m
2025.11.20 23:54:43 INFO  no build target found for /home/jay/B11502041_PA2/src/main/scala/cpu/Decoder.scala. Using presentation compiler with project's scala-library version: 3.3.6[0m
2025.11.20 23:54:43 INFO  no build target found for /home/jay/B11502041_PA2/src/main/scala/cpu/Decoder.scala. Using presentation compiler with project's scala-library version: 3.3.6[0m
2025.11.20 23:54:43 INFO  no build target found for /home/jay/B11502041_PA2/src/main/scala/cpu/Decoder.scala. Using presentation compiler with project's scala-library version: 3.3.6[0m
2025.11.20 23:54:42 INFO  no build target found for /home/jay/B11502041_PA2/src/main/scala/cpu/Decoder.scala. Using presentation compiler with project's scala-library version: 3.3.6[0m
2025.11.20 23:54:43 INFO  no build target found for /home/jay/B11502041_PA2/src/main/scala/cpu/Decoder.scala. Using presentation compiler with project's scala-library version: 3.3.6[0m
2025.11.20 23:54:43 INFO  no build target found for /home/jay/B11502041_PA2/src/main/scala/cpu/Decoder.scala. Using presentation compiler with project's scala-library version: 3.3.6[0m
2025.11.20 23:54:43 INFO  no build target found for /home/jay/B11502041_PA2/src/main/scala/cpu/Decoder.scala. Using presentation compiler with project's scala-library version: 3.3.6[0m
2025.11.20 23:54:43 INFO  no build target found for /home/jay/B11502041_PA2/src/main/scala/cpu/Decoder.scala. Using presentation compiler with project's scala-library version: 3.3.6[0m
2025.11.20 23:54:44 INFO  no build target found for /home/jay/B11502041_PA2/src/main/scala/cpu/Decoder.scala. Using presentation compiler with project's scala-library version: 3.3.6[0m
2025.11.20 23:54:46 INFO  no build target found for /home/jay/B11502041_PA2/src/main/scala/cpu/Decoder.scala. Using presentation compiler with project's scala-library version: 3.3.6[0m
2025.11.20 23:54:46 INFO  no build target found for /home/jay/B11502041_PA2/src/main/scala/cpu/Decoder.scala. Using presentation compiler with project's scala-library version: 3.3.6[0m
2025.11.20 23:54:46 INFO  no build target found for /home/jay/B11502041_PA2/src/main/scala/cpu/Decoder.scala. Using presentation compiler with project's scala-library version: 3.3.6[0m
2025.11.20 23:54:49 INFO  no build target found for /home/jay/B11502041_PA2/src/main/scala/cpu/Decoder.scala. Using presentation compiler with project's scala-library version: 3.3.6[0m
2025.11.20 23:54:49 INFO  no build target found for /home/jay/B11502041_PA2/src/main/scala/cpu/Decoder.scala. Using presentation compiler with project's scala-library version: 3.3.6[0m
2025.11.20 23:54:50 INFO  no build target found for /home/jay/B11502041_PA2/src/main/scala/cpu/Decoder.scala. Using presentation compiler with project's scala-library version: 3.3.6[0m
2025.11.20 23:54:49 INFO  no build target found for /home/jay/B11502041_PA2/src/main/scala/cpu/Decoder.scala. Using presentation compiler with project's scala-library version: 3.3.6[0m
2025.11.20 23:54:49 INFO  no build target found for /home/jay/B11502041_PA2/src/main/scala/cpu/Decoder.scala. Using presentation compiler with project's scala-library version: 3.3.6[0m
2025.11.20 23:54:49 INFO  no build target found for /home/jay/B11502041_PA2/src/main/scala/cpu/Decoder.scala. Using presentation compiler with project's scala-library version: 3.3.6[0m
2025.11.20 23:54:50 INFO  no build target found for /home/jay/B11502041_PA2/src/main/scala/cpu/Decoder.scala. Using presentation compiler with project's scala-library version: 3.3.6[0m
2025.11.20 23:54:51 INFO  no build target found for /home/jay/B11502041_PA2/src/main/scala/cpu/Decoder.scala. Using presentation compiler with project's scala-library version: 3.3.6[0m
2025.11.20 23:54:51 INFO  no build target found for /home/jay/B11502041_PA2/src/main/scala/cpu/Decoder.scala. Using presentation compiler with project's scala-library version: 3.3.6[0m
2025.11.20 23:54:51 INFO  no build target found for /home/jay/B11502041_PA2/src/main/scala/cpu/Decoder.scala. Using presentation compiler with project's scala-library version: 3.3.6[0m
2025.11.20 23:54:54 INFO  no build target found for /home/jay/B11502041_PA2/src/main/scala/cpu/Decoder.scala. Using presentation compiler with project's scala-library version: 3.3.6[0m
2025.11.20 23:54:54 INFO  no build target found for /home/jay/B11502041_PA2/src/main/scala/cpu/Decoder.scala. Using presentation compiler with project's scala-library version: 3.3.6[0m
2025.11.20 23:54:55 INFO  no build target found for /home/jay/B11502041_PA2/src/main/scala/cpu/Decoder.scala. Using presentation compiler with project's scala-library version: 3.3.6[0m
2025.11.20 23:55:03 INFO  no build target found for /home/jay/B11502041_PA2/src/main/scala/cpu/Decoder.scala. Using presentation compiler with project's scala-library version: 3.3.6[0m
2025.11.20 23:55:03 INFO  no build target found for /home/jay/B11502041_PA2/src/main/scala/cpu/Decoder.scala. Using presentation compiler with project's scala-library version: 3.3.6[0m
2025.11.20 23:55:03 INFO  no build target found for /home/jay/B11502041_PA2/src/main/scala/cpu/Decoder.scala. Using presentation compiler with project's scala-library version: 3.3.6[0m
2025.11.20 23:55:03 INFO  no build target found for /home/jay/B11502041_PA2/src/main/scala/cpu/Decoder.scala. Using presentation compiler with project's scala-library version: 3.3.6[0m
2025.11.20 23:55:03 INFO  no build target found for /home/jay/B11502041_PA2/src/main/scala/cpu/Decoder.scala. Using presentation compiler with project's scala-library version: 3.3.6[0m
2025.11.20 23:55:04 INFO  no build target found for /home/jay/B11502041_PA2/src/main/scala/cpu/Decoder.scala. Using presentation compiler with project's scala-library version: 3.3.6[0m
2025.11.20 23:55:04 INFO  no build target found for /home/jay/B11502041_PA2/src/main/scala/cpu/Decoder.scala. Using presentation compiler with project's scala-library version: 3.3.6[0m
2025.11.20 23:55:04 INFO  no build target found for /home/jay/B11502041_PA2/src/main/scala/cpu/Decoder.scala. Using presentation compiler with project's scala-library version: 3.3.6[0m
2025.11.20 23:55:04 INFO  no build target found for /home/jay/B11502041_PA2/src/main/scala/cpu/Decoder.scala. Using presentation compiler with project's scala-library version: 3.3.6[0m
2025.11.20 23:55:04 INFO  no build target found for /home/jay/B11502041_PA2/src/main/scala/cpu/Decoder.scala. Using presentation compiler with project's scala-library version: 3.3.6[0m
2025.11.20 23:55:04 INFO  no build target found for /home/jay/B11502041_PA2/src/main/scala/cpu/Decoder.scala. Using presentation compiler with project's scala-library version: 3.3.6[0m
2025.11.20 23:55:04 INFO  no build target found for /home/jay/B11502041_PA2/src/main/scala/cpu/Decoder.scala. Using presentation compiler with project's scala-library version: 3.3.6[0m
2025.11.20 23:55:04 INFO  no build target found for /home/jay/B11502041_PA2/src/main/scala/cpu/Decoder.scala. Using presentation compiler with project's scala-library version: 3.3.6[0m
2025.11.20 23:55:04 INFO  no build target found for /home/jay/B11502041_PA2/src/main/scala/cpu/Decoder.scala. Using presentation compiler with project's scala-library version: 3.3.6[0m
2025.11.20 23:55:04 INFO  no build target found for /home/jay/B11502041_PA2/src/main/scala/cpu/Decoder.scala. Using presentation compiler with project's scala-library version: 3.3.6[0m
2025.11.20 23:55:05 INFO  no build target found for /home/jay/B11502041_PA2/src/main/scala/cpu/Decoder.scala. Using presentation compiler with project's scala-library version: 3.3.6[0m
2025.11.20 23:55:05 INFO  no build target found for /home/jay/B11502041_PA2/src/main/scala/cpu/Decoder.scala. Using presentation compiler with project's scala-library version: 3.3.6[0m
2025.11.20 23:55:05 INFO  no build target found for /home/jay/B11502041_PA2/src/main/scala/cpu/Decoder.scala. Using presentation compiler with project's scala-library version: 3.3.6[0m
2025.11.20 23:55:05 INFO  no build target found for /home/jay/B11502041_PA2/src/main/scala/cpu/Decoder.scala. Using presentation compiler with project's scala-library version: 3.3.6[0m
2025.11.20 23:55:05 INFO  no build target found for /home/jay/B11502041_PA2/src/main/scala/cpu/Decoder.scala. Using presentation compiler with project's scala-library version: 3.3.6[0m
2025.11.20 23:55:05 INFO  no build target found for /home/jay/B11502041_PA2/src/main/scala/cpu/Decoder.scala. Using presentation compiler with project's scala-library version: 3.3.6[0m
2025.11.20 23:55:05 INFO  no build target found for /home/jay/B11502041_PA2/src/main/scala/cpu/Decoder.scala. Using presentation compiler with project's scala-library version: 3.3.6[0m
2025.11.20 23:55:07 INFO  no build target found for /home/jay/B11502041_PA2/src/main/scala/cpu/Decoder.scala. Using presentation compiler with project's scala-library version: 3.3.6[0m
2025.11.20 23:55:07 INFO  no build target found for /home/jay/B11502041_PA2/src/main/scala/cpu/Decoder.scala. Using presentation compiler with project's scala-library version: 3.3.6[0m
2025.11.20 23:55:07 INFO  no build target found for /home/jay/B11502041_PA2/src/main/scala/cpu/Decoder.scala. Using presentation compiler with project's scala-library version: 3.3.6[0m
2025.11.20 23:55:08 INFO  no build target found for /home/jay/B11502041_PA2/src/main/scala/cpu/Decoder.scala. Using presentation compiler with project's scala-library version: 3.3.6[0m
2025.11.20 23:55:08 INFO  no build target found for /home/jay/B11502041_PA2/src/main/scala/cpu/Decoder.scala. Using presentation compiler with project's scala-library version: 3.3.6[0m
2025.11.20 23:55:08 INFO  no build target found for /home/jay/B11502041_PA2/src/main/scala/cpu/Decoder.scala. Using presentation compiler with project's scala-library version: 3.3.6[0m
2025.11.20 23:55:08 INFO  no build target found for /home/jay/B11502041_PA2/src/main/scala/cpu/Decoder.scala. Using presentation compiler with project's scala-library version: 3.3.6[0m
2025.11.20 23:55:09 INFO  no build target found for /home/jay/B11502041_PA2/src/main/scala/cpu/Decoder.scala. Using presentation compiler with project's scala-library version: 3.3.6[0m
2025.11.20 23:55:09 INFO  no build target found for /home/jay/B11502041_PA2/src/main/scala/cpu/Decoder.scala. Using presentation compiler with project's scala-library version: 3.3.6[0m
2025.11.20 23:55:12 INFO  no build target found for /home/jay/B11502041_PA2/src/main/scala/cpu/Decoder.scala. Using presentation compiler with project's scala-library version: 3.3.6[0m
2025.11.20 23:55:13 INFO  no build target found for /home/jay/B11502041_PA2/src/main/scala/cpu/Decoder.scala. Using presentation compiler with project's scala-library version: 3.3.6[0m
2025.11.20 23:55:13 INFO  no build target found for /home/jay/B11502041_PA2/src/main/scala/cpu/Decoder.scala. Using presentation compiler with project's scala-library version: 3.3.6[0m
2025.11.20 23:55:20 INFO  no build target found for /home/jay/B11502041_PA2/src/main/scala/cpu/Decoder.scala. Using presentation compiler with project's scala-library version: 3.3.6[0m
2025.11.20 23:55:20 INFO  no build target found for /home/jay/B11502041_PA2/src/main/scala/cpu/Decoder.scala. Using presentation compiler with project's scala-library version: 3.3.6[0m
2025.11.20 23:55:20 INFO  no build target found for /home/jay/B11502041_PA2/src/main/scala/cpu/Decoder.scala. Using presentation compiler with project's scala-library version: 3.3.6[0m
2025.11.20 23:55:20 INFO  no build target found for /home/jay/B11502041_PA2/src/main/scala/cpu/Decoder.scala. Using presentation compiler with project's scala-library version: 3.3.6[0m
2025.11.20 23:55:20 INFO  no build target found for /home/jay/B11502041_PA2/src/main/scala/cpu/Decoder.scala. Using presentation compiler with project's scala-library version: 3.3.6[0m
2025.11.20 23:55:20 INFO  no build target found for /home/jay/B11502041_PA2/src/main/scala/cpu/Decoder.scala. Using presentation compiler with project's scala-library version: 3.3.6[0m
2025.11.20 23:55:22 INFO  no build target found for /home/jay/B11502041_PA2/src/main/scala/cpu/Decoder.scala. Using presentation compiler with project's scala-library version: 3.3.6[0m
2025.11.20 23:55:22 INFO  no build target found for /home/jay/B11502041_PA2/src/main/scala/cpu/Decoder.scala. Using presentation compiler with project's scala-library version: 3.3.6[0m
2025.11.20 23:55:22 INFO  no build target found for /home/jay/B11502041_PA2/src/main/scala/cpu/Decoder.scala. Using presentation compiler with project's scala-library version: 3.3.6[0m
2025.11.20 23:55:22 INFO  no build target found for /home/jay/B11502041_PA2/src/main/scala/cpu/Decoder.scala. Using presentation compiler with project's scala-library version: 3.3.6[0m
2025.11.20 23:55:22 INFO  no build target found for /home/jay/B11502041_PA2/src/main/scala/cpu/Decoder.scala. Using presentation compiler with project's scala-library version: 3.3.6[0m
2025.11.20 23:55:22 INFO  no build target found for /home/jay/B11502041_PA2/src/main/scala/cpu/Decoder.scala. Using presentation compiler with project's scala-library version: 3.3.6[0m
2025.11.20 23:55:22 INFO  no build target found for /home/jay/B11502041_PA2/src/main/scala/cpu/Decoder.scala. Using presentation compiler with project's scala-library version: 3.3.6[0m
2025.11.20 23:55:22 INFO  no build target found for /home/jay/B11502041_PA2/src/main/scala/cpu/Decoder.scala. Using presentation compiler with project's scala-library version: 3.3.6[0m
2025.11.20 23:55:22 INFO  no build target found for /home/jay/B11502041_PA2/src/main/scala/cpu/Decoder.scala. Using presentation compiler with project's scala-library version: 3.3.6[0m
2025.11.20 23:55:23 INFO  no build target found for /home/jay/B11502041_PA2/src/main/scala/cpu/Decoder.scala. Using presentation compiler with project's scala-library version: 3.3.6[0m
2025.11.20 23:55:23 INFO  no build target found for /home/jay/B11502041_PA2/src/main/scala/cpu/Decoder.scala. Using presentation compiler with project's scala-library version: 3.3.6[0m
2025.11.20 23:55:23 INFO  no build target found for /home/jay/B11502041_PA2/src/main/scala/cpu/Decoder.scala. Using presentation compiler with project's scala-library version: 3.3.6[0m
2025.11.20 23:55:23 INFO  no build target found for /home/jay/B11502041_PA2/src/main/scala/cpu/Decoder.scala. Using presentation compiler with project's scala-library version: 3.3.6[0m
2025.11.20 23:55:23 INFO  no build target found for /home/jay/B11502041_PA2/src/main/scala/cpu/Decoder.scala. Using presentation compiler with project's scala-library version: 3.3.6[0m
2025.11.20 23:55:24 INFO  no build target found for /home/jay/B11502041_PA2/src/main/scala/cpu/Decoder.scala. Using presentation compiler with project's scala-library version: 3.3.6[0m
2025.11.20 23:55:24 INFO  no build target found for /home/jay/B11502041_PA2/src/main/scala/cpu/Decoder.scala. Using presentation compiler with project's scala-library version: 3.3.6[0m
2025.11.20 23:55:28 INFO  no build target found for /home/jay/B11502041_PA2/src/main/scala/cpu/Decoder.scala. Using presentation compiler with project's scala-library version: 3.3.6[0m
2025.11.20 23:55:28 INFO  no build target found for /home/jay/B11502041_PA2/src/main/scala/cpu/Decoder.scala. Using presentation compiler with project's scala-library version: 3.3.6[0m
2025.11.20 23:55:28 INFO  no build target found for /home/jay/B11502041_PA2/src/main/scala/cpu/Decoder.scala. Using presentation compiler with project's scala-library version: 3.3.6[0m
2025.11.20 23:55:28 INFO  no build target found for /home/jay/B11502041_PA2/src/main/scala/cpu/Decoder.scala. Using presentation compiler with project's scala-library version: 3.3.6[0m
2025.11.20 23:55:28 INFO  no build target found for /home/jay/B11502041_PA2/src/main/scala/cpu/Decoder.scala. Using presentation compiler with project's scala-library version: 3.3.6[0m
2025.11.20 23:55:33 INFO  no build target found for /home/jay/B11502041_PA2/src/main/scala/cpu/Decoder.scala. Using presentation compiler with project's scala-library version: 3.3.6[0m
2025.11.20 23:55:33 INFO  no build target found for /home/jay/B11502041_PA2/src/main/scala/cpu/Decoder.scala. Using presentation compiler with project's scala-library version: 3.3.6[0m
2025.11.20 23:55:33 INFO  no build target found for /home/jay/B11502041_PA2/src/main/scala/cpu/Decoder.scala. Using presentation compiler with project's scala-library version: 3.3.6[0m
2025.11.20 23:56:04 INFO  no build target found for /home/jay/B11502041_PA2/src/main/scala/cpu/Decoder.scala. Using presentation compiler with project's scala-library version: 3.3.6[0m
2025.11.20 23:58:27 INFO  no build target found for /home/jay/B11502041_PA2/src/main/scala/cpu/Decoder.scala. Using presentation compiler with project's scala-library version: 3.3.6[0m
2025.11.20 23:58:27 INFO  no build target found for /home/jay/B11502041_PA2/src/main/scala/cpu/Decoder.scala. Using presentation compiler with project's scala-library version: 3.3.6[0m
2025.11.20 23:58:28 INFO  no build target found for /home/jay/B11502041_PA2/src/main/scala/cpu/Decoder.scala. Using presentation compiler with project's scala-library version: 3.3.6[0m
2025.11.20 23:58:28 INFO  no build target found for /home/jay/B11502041_PA2/src/main/scala/cpu/Decoder.scala. Using presentation compiler with project's scala-library version: 3.3.6[0m
2025.11.20 23:58:28 INFO  no build target found for /home/jay/B11502041_PA2/src/main/scala/cpu/Decoder.scala. Using presentation compiler with project's scala-library version: 3.3.6[0m
2025.11.20 23:58:29 INFO  no build target found for /home/jay/B11502041_PA2/src/main/scala/cpu/Decoder.scala. Using presentation compiler with project's scala-library version: 3.3.6[0m
2025.11.20 23:58:29 INFO  no build target found for /home/jay/B11502041_PA2/src/main/scala/cpu/Decoder.scala. Using presentation compiler with project's scala-library version: 3.3.6[0m
2025.11.20 23:58:29 INFO  no build target found for /home/jay/B11502041_PA2/src/main/scala/cpu/Decoder.scala. Using presentation compiler with project's scala-library version: 3.3.6[0m
2025.11.20 23:58:31 INFO  no build target found for /home/jay/B11502041_PA2/src/main/scala/cpu/Decoder.scala. Using presentation compiler with project's scala-library version: 3.3.6[0m
2025.11.20 23:58:31 INFO  no build target found for /home/jay/B11502041_PA2/src/main/scala/cpu/Decoder.scala. Using presentation compiler with project's scala-library version: 3.3.6[0m
2025.11.20 23:58:31 INFO  no build target found for /home/jay/B11502041_PA2/src/main/scala/cpu/Decoder.scala. Using presentation compiler with project's scala-library version: 3.3.6[0m
2025.11.20 23:58:31 INFO  no build target found for /home/jay/B11502041_PA2/src/main/scala/cpu/Decoder.scala. Using presentation compiler with project's scala-library version: 3.3.6[0m
2025.11.20 23:58:31 INFO  no build target found for /home/jay/B11502041_PA2/src/main/scala/cpu/Decoder.scala. Using presentation compiler with project's scala-library version: 3.3.6[0m
2025.11.20 23:58:32 INFO  no build target found for /home/jay/B11502041_PA2/src/main/scala/cpu/Decoder.scala. Using presentation compiler with project's scala-library version: 3.3.6[0m
2025.11.20 23:58:32 INFO  no build target found for /home/jay/B11502041_PA2/src/main/scala/cpu/Decoder.scala. Using presentation compiler with project's scala-library version: 3.3.6[0m
2025.11.20 23:58:32 INFO  no build target found for /home/jay/B11502041_PA2/src/main/scala/cpu/Decoder.scala. Using presentation compiler with project's scala-library version: 3.3.6[0m
2025.11.20 23:58:32 INFO  no build target found for /home/jay/B11502041_PA2/src/main/scala/cpu/Decoder.scala. Using presentation compiler with project's scala-library version: 3.3.6[0m
2025.11.20 23:58:32 INFO  no build target found for /home/jay/B11502041_PA2/src/main/scala/cpu/Decoder.scala. Using presentation compiler with project's scala-library version: 3.3.6[0m
2025.11.20 23:58:32 INFO  no build target found for /home/jay/B11502041_PA2/src/main/scala/cpu/Decoder.scala. Using presentation compiler with project's scala-library version: 3.3.6[0m
2025.11.20 23:58:33 INFO  no build target found for /home/jay/B11502041_PA2/src/main/scala/cpu/Decoder.scala. Using presentation compiler with project's scala-library version: 3.3.6[0m
2025.11.20 23:58:33 INFO  no build target found for /home/jay/B11502041_PA2/src/main/scala/cpu/Decoder.scala. Using presentation compiler with project's scala-library version: 3.3.6[0m
2025.11.20 23:58:34 INFO  no build target found for /home/jay/B11502041_PA2/src/main/scala/cpu/Decoder.scala. Using presentation compiler with project's scala-library version: 3.3.6[0m
2025.11.20 23:58:33 INFO  no build target found for /home/jay/B11502041_PA2/src/main/scala/cpu/Decoder.scala. Using presentation compiler with project's scala-library version: 3.3.6[0m
2025.11.20 23:58:33 INFO  no build target found for /home/jay/B11502041_PA2/src/main/scala/cpu/Decoder.scala. Using presentation compiler with project's scala-library version: 3.3.6[0m
2025.11.20 23:58:33 INFO  no build target found for /home/jay/B11502041_PA2/src/main/scala/cpu/Decoder.scala. Using presentation compiler with project's scala-library version: 3.3.6[0m
2025.11.20 23:58:34 INFO  no build target found for /home/jay/B11502041_PA2/src/main/scala/cpu/Decoder.scala. Using presentation compiler with project's scala-library version: 3.3.6[0m
2025.11.20 23:58:33 INFO  no build target found for /home/jay/B11502041_PA2/src/main/scala/cpu/Decoder.scala. Using presentation compiler with project's scala-library version: 3.3.6[0m
2025.11.20 23:58:34 INFO  no build target found for /home/jay/B11502041_PA2/src/main/scala/cpu/Decoder.scala. Using presentation compiler with project's scala-library version: 3.3.6[0m
2025.11.20 23:58:35 INFO  no build target found for /home/jay/B11502041_PA2/src/main/scala/cpu/Decoder.scala. Using presentation compiler with project's scala-library version: 3.3.6[0m
2025.11.20 23:58:34 INFO  no build target found for /home/jay/B11502041_PA2/src/main/scala/cpu/Decoder.scala. Using presentation compiler with project's scala-library version: 3.3.6[0m
2025.11.20 23:58:35 INFO  no build target found for /home/jay/B11502041_PA2/src/main/scala/cpu/Decoder.scala. Using presentation compiler with project's scala-library version: 3.3.6[0m
2025.11.20 23:58:37 INFO  no build target found for /home/jay/B11502041_PA2/src/main/scala/cpu/Decoder.scala. Using presentation compiler with project's scala-library version: 3.3.6[0m
2025.11.20 23:58:37 INFO  no build target found for /home/jay/B11502041_PA2/src/main/scala/cpu/Decoder.scala. Using presentation compiler with project's scala-library version: 3.3.6[0m
2025.11.20 23:58:37 INFO  no build target found for /home/jay/B11502041_PA2/src/main/scala/cpu/Decoder.scala. Using presentation compiler with project's scala-library version: 3.3.6[0m
2025.11.20 23:58:38 INFO  no build target found for /home/jay/B11502041_PA2/src/main/scala/cpu/Decoder.scala. Using presentation compiler with project's scala-library version: 3.3.6[0m
2025.11.20 23:58:39 INFO  no build target found for /home/jay/B11502041_PA2/src/main/scala/cpu/Decoder.scala. Using presentation compiler with project's scala-library version: 3.3.6[0m
2025.11.20 23:58:39 INFO  no build target found for /home/jay/B11502041_PA2/src/main/scala/cpu/Decoder.scala. Using presentation compiler with project's scala-library version: 3.3.6[0m
2025.11.20 23:58:39 INFO  no build target found for /home/jay/B11502041_PA2/src/main/scala/cpu/Decoder.scala. Using presentation compiler with project's scala-library version: 3.3.6[0m
2025.11.20 23:58:41 INFO  no build target found for /home/jay/B11502041_PA2/src/main/scala/cpu/Decoder.scala. Using presentation compiler with project's scala-library version: 3.3.6[0m
2025.11.20 23:58:46 INFO  no build target found for /home/jay/B11502041_PA2/src/main/scala/cpu/Decoder.scala. Using presentation compiler with project's scala-library version: 3.3.6[0m
2025.11.20 23:58:48 INFO  no build target found for /home/jay/B11502041_PA2/src/main/scala/cpu/Decoder.scala. Using presentation compiler with project's scala-library version: 3.3.6[0m
2025.11.20 23:58:48 INFO  no build target found for /home/jay/B11502041_PA2/src/main/scala/cpu/Decoder.scala. Using presentation compiler with project's scala-library version: 3.3.6[0m
2025.11.20 23:58:49 INFO  no build target found for /home/jay/B11502041_PA2/src/main/scala/cpu/Decoder.scala. Using presentation compiler with project's scala-library version: 3.3.6[0m
2025.11.20 23:58:49 INFO  Created report: Optional[file:///home/jay/B11502041_PA2/src/main/scala/cpu/Decoder.scala][0m
2025.11.20 23:58:49 INFO  empty definition using pc, found symbol in pc: `<none>`. (full report at: "/home/jay/B11502041_PA2/.metals/.reports/metals-full/2025-11-20/r_empty-definition_23-58-49-218.md")[0m
2025.11.20 23:58:48 INFO  no build target found for /home/jay/B11502041_PA2/src/main/scala/cpu/Decoder.scala. Using presentation compiler with project's scala-library version: 3.3.6[0m
2025.11.20 23:58:48 INFO  no build target found for /home/jay/B11502041_PA2/src/main/scala/cpu/Decoder.scala. Using presentation compiler with project's scala-library version: 3.3.6[0m
2025.11.20 23:58:49 INFO  no build target found for /home/jay/B11502041_PA2/src/main/scala/cpu/Decoder.scala. Using presentation compiler with project's scala-library version: 3.3.6[0m
2025.11.20 23:58:51 INFO  no build target found for /home/jay/B11502041_PA2/src/main/scala/cpu/Decoder.scala. Using presentation compiler with project's scala-library version: 3.3.6[0m
2025.11.20 23:58:51 INFO  no build target found for /home/jay/B11502041_PA2/src/main/scala/cpu/Decoder.scala. Using presentation compiler with project's scala-library version: 3.3.6[0m
2025.11.20 23:58:51 INFO  no build target found for /home/jay/B11502041_PA2/src/main/scala/cpu/Decoder.scala. Using presentation compiler with project's scala-library version: 3.3.6[0m
2025.11.20 23:58:51 INFO  no build target found for /home/jay/B11502041_PA2/src/main/scala/cpu/Decoder.scala. Using presentation compiler with project's scala-library version: 3.3.6[0m
2025.11.20 23:58:51 INFO  no build target found for /home/jay/B11502041_PA2/src/main/scala/cpu/Decoder.scala. Using presentation compiler with project's scala-library version: 3.3.6[0m
2025.11.20 23:58:51 INFO  no build target found for /home/jay/B11502041_PA2/src/main/scala/cpu/Decoder.scala. Using presentation compiler with project's scala-library version: 3.3.6[0m
2025.11.20 23:58:51 INFO  no build target found for /home/jay/B11502041_PA2/src/main/scala/cpu/Decoder.scala. Using presentation compiler with project's scala-library version: 3.3.6[0m
2025.11.20 23:58:51 INFO  no build target found for /home/jay/B11502041_PA2/src/main/scala/cpu/Decoder.scala. Using presentation compiler with project's scala-library version: 3.3.6[0m
2025.11.20 23:58:51 INFO  no build target found for /home/jay/B11502041_PA2/src/main/scala/cpu/Decoder.scala. Using presentation compiler with project's scala-library version: 3.3.6[0m
2025.11.20 23:58:51 INFO  no build target found for /home/jay/B11502041_PA2/src/main/scala/cpu/Decoder.scala. Using presentation compiler with project's scala-library version: 3.3.6[0m
2025.11.20 23:58:52 INFO  no build target found for /home/jay/B11502041_PA2/src/main/scala/cpu/Decoder.scala. Using presentation compiler with project's scala-library version: 3.3.6[0m
2025.11.20 23:58:51 INFO  no build target found for /home/jay/B11502041_PA2/src/main/scala/cpu/Decoder.scala. Using presentation compiler with project's scala-library version: 3.3.6[0m
2025.11.20 23:58:53 INFO  no build target found for /home/jay/B11502041_PA2/src/main/scala/cpu/Decoder.scala. Using presentation compiler with project's scala-library version: 3.3.6[0m
2025.11.20 23:58:53 INFO  no build target found for /home/jay/B11502041_PA2/src/main/scala/cpu/Decoder.scala. Using presentation compiler with project's scala-library version: 3.3.6[0m
2025.11.20 23:58:53 INFO  no build target found for /home/jay/B11502041_PA2/src/main/scala/cpu/Decoder.scala. Using presentation compiler with project's scala-library version: 3.3.6[0m
2025.11.20 23:58:53 INFO  no build target found for /home/jay/B11502041_PA2/src/main/scala/cpu/Decoder.scala. Using presentation compiler with project's scala-library version: 3.3.6[0m
2025.11.20 23:58:53 INFO  no build target found for /home/jay/B11502041_PA2/src/main/scala/cpu/Decoder.scala. Using presentation compiler with project's scala-library version: 3.3.6[0m
2025.11.20 23:58:53 INFO  no build target found for /home/jay/B11502041_PA2/src/main/scala/cpu/Decoder.scala. Using presentation compiler with project's scala-library version: 3.3.6[0m
2025.11.20 23:58:54 INFO  no build target found for /home/jay/B11502041_PA2/src/main/scala/cpu/Decoder.scala. Using presentation compiler with project's scala-library version: 3.3.6[0m
2025.11.20 23:58:54 INFO  no build target found for /home/jay/B11502041_PA2/src/main/scala/cpu/Decoder.scala. Using presentation compiler with project's scala-library version: 3.3.6[0m
2025.11.20 23:58:54 INFO  no build target found for /home/jay/B11502041_PA2/src/main/scala/cpu/Decoder.scala. Using presentation compiler with project's scala-library version: 3.3.6[0m
2025.11.20 23:58:56 INFO  no build target found for /home/jay/B11502041_PA2/src/main/scala/cpu/Decoder.scala. Using presentation compiler with project's scala-library version: 3.3.6[0m
2025.11.20 23:58:56 INFO  no build target found for /home/jay/B11502041_PA2/src/main/scala/cpu/Decoder.scala. Using presentation compiler with project's scala-library version: 3.3.6[0m
2025.11.20 23:58:56 INFO  no build target found for /home/jay/B11502041_PA2/src/main/scala/cpu/Decoder.scala. Using presentation compiler with project's scala-library version: 3.3.6[0m
2025.11.20 23:58:58 INFO  no build target found for /home/jay/B11502041_PA2/src/main/scala/cpu/Decoder.scala. Using presentation compiler with project's scala-library version: 3.3.6[0m
2025.11.20 23:59:00 INFO  no build target found for /home/jay/B11502041_PA2/src/main/scala/cpu/Decoder.scala. Using presentation compiler with project's scala-library version: 3.3.6[0m
2025.11.20 23:59:00 INFO  no build target found for /home/jay/B11502041_PA2/src/main/scala/cpu/Decoder.scala. Using presentation compiler with project's scala-library version: 3.3.6[0m
2025.11.20 23:59:00 INFO  no build target found for /home/jay/B11502041_PA2/src/main/scala/cpu/Decoder.scala. Using presentation compiler with project's scala-library version: 3.3.6[0m
2025.11.20 23:59:02 INFO  no build target found for /home/jay/B11502041_PA2/src/main/scala/cpu/Decoder.scala. Using presentation compiler with project's scala-library version: 3.3.6[0m
2025.11.20 23:59:02 INFO  no build target found for /home/jay/B11502041_PA2/src/main/scala/cpu/Decoder.scala. Using presentation compiler with project's scala-library version: 3.3.6[0m
2025.11.20 23:59:02 INFO  no build target found for /home/jay/B11502041_PA2/src/main/scala/cpu/Decoder.scala. Using presentation compiler with project's scala-library version: 3.3.6[0m
2025.11.20 23:59:03 INFO  no build target found for /home/jay/B11502041_PA2/src/main/scala/cpu/Decoder.scala. Using presentation compiler with project's scala-library version: 3.3.6[0m
2025.11.20 23:59:03 INFO  no build target found for /home/jay/B11502041_PA2/src/main/scala/cpu/Decoder.scala. Using presentation compiler with project's scala-library version: 3.3.6[0m
2025.11.20 23:59:03 INFO  no build target found for /home/jay/B11502041_PA2/src/main/scala/cpu/Decoder.scala. Using presentation compiler with project's scala-library version: 3.3.6[0m
2025.11.20 23:59:03 INFO  no build target found for /home/jay/B11502041_PA2/src/main/scala/cpu/Decoder.scala. Using presentation compiler with project's scala-library version: 3.3.6[0m
2025.11.20 23:59:05 INFO  no build target found for /home/jay/B11502041_PA2/src/main/scala/cpu/Decoder.scala. Using presentation compiler with project's scala-library version: 3.3.6[0m
2025.11.20 23:59:05 INFO  no build target found for /home/jay/B11502041_PA2/src/main/scala/cpu/Decoder.scala. Using presentation compiler with project's scala-library version: 3.3.6[0m
2025.11.20 23:59:05 INFO  no build target found for /home/jay/B11502041_PA2/src/main/scala/cpu/Decoder.scala. Using presentation compiler with project's scala-library version: 3.3.6[0m
2025.11.20 23:59:05 INFO  no build target found for /home/jay/B11502041_PA2/src/main/scala/cpu/Decoder.scala. Using presentation compiler with project's scala-library version: 3.3.6[0m
2025.11.20 23:59:05 INFO  no build target found for /home/jay/B11502041_PA2/src/main/scala/cpu/Decoder.scala. Using presentation compiler with project's scala-library version: 3.3.6[0m
2025.11.20 23:59:06 INFO  no build target found for /home/jay/B11502041_PA2/src/main/scala/cpu/Decoder.scala. Using presentation compiler with project's scala-library version: 3.3.6[0m
2025.11.20 23:59:07 INFO  no build target found for /home/jay/B11502041_PA2/src/main/scala/cpu/Decoder.scala. Using presentation compiler with project's scala-library version: 3.3.6[0m
2025.11.20 23:59:06 INFO  no build target found for /home/jay/B11502041_PA2/src/main/scala/cpu/Decoder.scala. Using presentation compiler with project's scala-library version: 3.3.6[0m
2025.11.20 23:59:07 INFO  no build target found for /home/jay/B11502041_PA2/src/main/scala/cpu/Decoder.scala. Using presentation compiler with project's scala-library version: 3.3.6[0m
2025.11.20 23:59:08 INFO  no build target found for /home/jay/B11502041_PA2/src/main/scala/cpu/Decoder.scala. Using presentation compiler with project's scala-library version: 3.3.6[0m
2025.11.20 23:59:08 INFO  no build target found for /home/jay/B11502041_PA2/src/main/scala/cpu/Decoder.scala. Using presentation compiler with project's scala-library version: 3.3.6[0m
2025.11.20 23:59:08 INFO  no build target found for /home/jay/B11502041_PA2/src/main/scala/cpu/Decoder.scala. Using presentation compiler with project's scala-library version: 3.3.6[0m
2025.11.20 23:59:10 INFO  no build target found for /home/jay/B11502041_PA2/src/main/scala/cpu/Decoder.scala. Using presentation compiler with project's scala-library version: 3.3.6[0m
2025.11.20 23:59:12 INFO  no build target found for /home/jay/B11502041_PA2/src/main/scala/cpu/Decoder.scala. Using presentation compiler with project's scala-library version: 3.3.6[0m
2025.11.20 23:59:12 INFO  no build target found for /home/jay/B11502041_PA2/src/main/scala/cpu/Decoder.scala. Using presentation compiler with project's scala-library version: 3.3.6[0m
2025.11.20 23:59:12 INFO  no build target found for /home/jay/B11502041_PA2/src/main/scala/cpu/Decoder.scala. Using presentation compiler with project's scala-library version: 3.3.6[0m
2025.11.20 23:59:14 INFO  no build target found for /home/jay/B11502041_PA2/src/main/scala/cpu/Decoder.scala. Using presentation compiler with project's scala-library version: 3.3.6[0m
2025.11.20 23:59:14 INFO  no build target found for /home/jay/B11502041_PA2/src/main/scala/cpu/Decoder.scala. Using presentation compiler with project's scala-library version: 3.3.6[0m
2025.11.20 23:59:16 INFO  no build target found for /home/jay/B11502041_PA2/src/main/scala/cpu/Decoder.scala. Using presentation compiler with project's scala-library version: 3.3.6[0m
2025.11.20 23:59:17 INFO  no build target found for /home/jay/B11502041_PA2/src/main/scala/cpu/Decoder.scala. Using presentation compiler with project's scala-library version: 3.3.6[0m
2025.11.20 23:59:17 INFO  no build target found for /home/jay/B11502041_PA2/src/main/scala/cpu/Decoder.scala. Using presentation compiler with project's scala-library version: 3.3.6[0m
Nov 20, 2025 11:59:18 PM org.eclipse.lsp4j.jsonrpc.RemoteEndpoint handleCancellation
WARNING: Unmatched cancel notification for request id 2445
2025.11.20 23:59:18 INFO  no build target found for /home/jay/B11502041_PA2/src/main/scala/cpu/Decoder.scala. Using presentation compiler with project's scala-library version: 3.3.6[0m
2025.11.20 23:59:20 INFO  no build target found for /home/jay/B11502041_PA2/src/main/scala/cpu/Decoder.scala. Using presentation compiler with project's scala-library version: 3.3.6[0m
2025.11.20 23:59:23 INFO  no build target found for /home/jay/B11502041_PA2/src/main/scala/cpu/Decoder.scala. Using presentation compiler with project's scala-library version: 3.3.6[0m
2025.11.20 23:59:23 INFO  no build target found for /home/jay/B11502041_PA2/src/main/scala/cpu/Decoder.scala. Using presentation compiler with project's scala-library version: 3.3.6[0m
2025.11.20 23:59:25 INFO  no build target found for /home/jay/B11502041_PA2/src/main/scala/cpu/Decoder.scala. Using presentation compiler with project's scala-library version: 3.3.6[0m
2025.11.20 23:59:25 INFO  no build target found for /home/jay/B11502041_PA2/src/main/scala/cpu/Decoder.scala. Using presentation compiler with project's scala-library version: 3.3.6[0m
2025.11.20 23:59:25 INFO  no build target found for /home/jay/B11502041_PA2/src/main/scala/cpu/Decoder.scala. Using presentation compiler with project's scala-library version: 3.3.6[0m
2025.11.20 23:59:35 INFO  no build target found for /home/jay/B11502041_PA2/src/main/scala/cpu/Decoder.scala. Using presentation compiler with project's scala-library version: 3.3.6[0m
2025.11.20 23:59:35 INFO  no build target found for /home/jay/B11502041_PA2/src/main/scala/cpu/Decoder.scala. Using presentation compiler with project's scala-library version: 3.3.6[0m
2025.11.20 23:59:35 INFO  no build target found for /home/jay/B11502041_PA2/src/main/scala/cpu/Decoder.scala. Using presentation compiler with project's scala-library version: 3.3.6[0m
2025.11.20 23:59:35 INFO  no build target found for /home/jay/B11502041_PA2/src/main/scala/cpu/Decoder.scala. Using presentation compiler with project's scala-library version: 3.3.6[0m
2025.11.20 23:59:36 INFO  no build target found for /home/jay/B11502041_PA2/src/main/scala/cpu/Decoder.scala. Using presentation compiler with project's scala-library version: 3.3.6[0m
2025.11.20 23:59:36 INFO  no build target found for /home/jay/B11502041_PA2/src/main/scala/cpu/Decoder.scala. Using presentation compiler with project's scala-library version: 3.3.6[0m
2025.11.20 23:59:36 INFO  no build target found for /home/jay/B11502041_PA2/src/main/scala/cpu/Decoder.scala. Using presentation compiler with project's scala-library version: 3.3.6[0m
2025.11.20 23:59:37 INFO  no build target found for /home/jay/B11502041_PA2/src/main/scala/cpu/Decoder.scala. Using presentation compiler with project's scala-library version: 3.3.6[0m
2025.11.20 23:59:38 INFO  no build target found for /home/jay/B11502041_PA2/src/main/scala/cpu/Decoder.scala. Using presentation compiler with project's scala-library version: 3.3.6[0m
2025.11.20 23:59:42 INFO  no build target found for /home/jay/B11502041_PA2/src/main/scala/cpu/Decoder.scala. Using presentation compiler with project's scala-library version: 3.3.6[0m
2025.11.20 23:59:42 INFO  no build target found for /home/jay/B11502041_PA2/src/main/scala/cpu/Decoder.scala. Using presentation compiler with project's scala-library version: 3.3.6[0m
2025.11.20 23:59:43 INFO  no build target found for /home/jay/B11502041_PA2/src/main/scala/cpu/Decoder.scala. Using presentation compiler with project's scala-library version: 3.3.6[0m
2025.11.20 23:59:43 INFO  no build target found for /home/jay/B11502041_PA2/src/main/scala/cpu/Decoder.scala. Using presentation compiler with project's scala-library version: 3.3.6[0m
2025.11.20 23:59:43 INFO  no build target found for /home/jay/B11502041_PA2/src/main/scala/cpu/Decoder.scala. Using presentation compiler with project's scala-library version: 3.3.6[0m
2025.11.20 23:59:43 INFO  no build target found for /home/jay/B11502041_PA2/src/main/scala/cpu/Decoder.scala. Using presentation compiler with project's scala-library version: 3.3.6[0m
2025.11.20 23:59:44 INFO  no build target found for /home/jay/B11502041_PA2/src/main/scala/cpu/Decoder.scala. Using presentation compiler with project's scala-library version: 3.3.6[0m
2025.11.20 23:59:44 INFO  no build target found for /home/jay/B11502041_PA2/src/main/scala/cpu/Decoder.scala. Using presentation compiler with project's scala-library version: 3.3.6[0m
2025.11.20 23:59:44 INFO  no build target found for /home/jay/B11502041_PA2/src/main/scala/cpu/Decoder.scala. Using presentation compiler with project's scala-library version: 3.3.6[0m
2025.11.20 23:59:45 INFO  no build target found for /home/jay/B11502041_PA2/src/main/scala/cpu/Decoder.scala. Using presentation compiler with project's scala-library version: 3.3.6[0m
2025.11.20 23:59:45 INFO  no build target found for /home/jay/B11502041_PA2/src/main/scala/cpu/Decoder.scala. Using presentation compiler with project's scala-library version: 3.3.6[0m
2025.11.20 23:59:45 INFO  no build target found for /home/jay/B11502041_PA2/src/main/scala/cpu/Decoder.scala. Using presentation compiler with project's scala-library version: 3.3.6[0m
2025.11.20 23:59:45 INFO  no build target found for /home/jay/B11502041_PA2/src/main/scala/cpu/Decoder.scala. Using presentation compiler with project's scala-library version: 3.3.6[0m
2025.11.20 23:59:45 INFO  no build target found for /home/jay/B11502041_PA2/src/main/scala/cpu/Decoder.scala. Using presentation compiler with project's scala-library version: 3.3.6[0m
2025.11.20 23:59:46 INFO  no build target found for /home/jay/B11502041_PA2/src/main/scala/cpu/Decoder.scala. Using presentation compiler with project's scala-library version: 3.3.6[0m
2025.11.20 23:59:46 INFO  no build target found for /home/jay/B11502041_PA2/src/main/scala/cpu/Decoder.scala. Using presentation compiler with project's scala-library version: 3.3.6[0m
2025.11.20 23:59:46 INFO  no build target found for /home/jay/B11502041_PA2/src/main/scala/cpu/Decoder.scala. Using presentation compiler with project's scala-library version: 3.3.6[0m
2025.11.20 23:59:48 INFO  no build target found for /home/jay/B11502041_PA2/src/main/scala/cpu/Decoder.scala. Using presentation compiler with project's scala-library version: 3.3.6[0m
2025.11.20 23:59:48 INFO  no build target found for /home/jay/B11502041_PA2/src/main/scala/cpu/Decoder.scala. Using presentation compiler with project's scala-library version: 3.3.6[0m
2025.11.20 23:59:53 INFO  no build target found for /home/jay/B11502041_PA2/src/main/scala/cpu/Decoder.scala. Using presentation compiler with project's scala-library version: 3.3.6[0m
2025.11.20 23:59:53 INFO  no build target found for /home/jay/B11502041_PA2/src/main/scala/cpu/Decoder.scala. Using presentation compiler with project's scala-library version: 3.3.6[0m
2025.11.20 23:59:56 INFO  no build target found for /home/jay/B11502041_PA2/src/main/scala/cpu/Decoder.scala. Using presentation compiler with project's scala-library version: 3.3.6[0m
2025.11.21 00:00:00 INFO  no build target found for /home/jay/B11502041_PA2/src/main/scala/cpu/Decoder.scala. Using presentation compiler with project's scala-library version: 3.3.6[0m
2025.11.21 00:00:00 INFO  no build target found for /home/jay/B11502041_PA2/src/main/scala/cpu/Decoder.scala. Using presentation compiler with project's scala-library version: 3.3.6[0m
2025.11.21 00:00:02 INFO  no build target found for /home/jay/B11502041_PA2/src/main/scala/cpu/Decoder.scala. Using presentation compiler with project's scala-library version: 3.3.6[0m
2025.11.21 00:00:04 INFO  no build target found for /home/jay/B11502041_PA2/src/main/scala/cpu/Decoder.scala. Using presentation compiler with project's scala-library version: 3.3.6[0m
2025.11.21 00:00:04 INFO  no build target found for /home/jay/B11502041_PA2/src/main/scala/cpu/Decoder.scala. Using presentation compiler with project's scala-library version: 3.3.6[0m
2025.11.21 00:00:14 INFO  no build target found for /home/jay/B11502041_PA2/src/main/scala/cpu/Decoder.scala. Using presentation compiler with project's scala-library version: 3.3.6[0m
2025.11.21 00:00:14 INFO  no build target found for /home/jay/B11502041_PA2/src/main/scala/cpu/Decoder.scala. Using presentation compiler with project's scala-library version: 3.3.6[0m
2025.11.21 00:00:18 INFO  no build target found for /home/jay/B11502041_PA2/src/main/scala/cpu/Decoder.scala. Using presentation compiler with project's scala-library version: 3.3.6[0m
2025.11.21 00:00:18 INFO  no build target found for /home/jay/B11502041_PA2/src/main/scala/cpu/Decoder.scala. Using presentation compiler with project's scala-library version: 3.3.6[0m
2025.11.21 00:00:19 INFO  no build target found for /home/jay/B11502041_PA2/src/main/scala/cpu/Decoder.scala. Using presentation compiler with project's scala-library version: 3.3.6[0m
2025.11.21 00:00:18 INFO  no build target found for /home/jay/B11502041_PA2/src/main/scala/cpu/Decoder.scala. Using presentation compiler with project's scala-library version: 3.3.6[0m
2025.11.21 00:00:19 INFO  no build target found for /home/jay/B11502041_PA2/src/main/scala/cpu/Decoder.scala. Using presentation compiler with project's scala-library version: 3.3.6[0m
2025.11.21 00:00:19 INFO  no build target found for /home/jay/B11502041_PA2/src/main/scala/cpu/Decoder.scala. Using presentation compiler with project's scala-library version: 3.3.6[0m
Nov 21, 2025 12:00:20 AM org.eclipse.lsp4j.jsonrpc.RemoteEndpoint handleCancellation
WARNING: Unmatched cancel notification for request id 2563
2025.11.21 00:00:21 INFO  no build target found for /home/jay/B11502041_PA2/src/main/scala/cpu/Decoder.scala. Using presentation compiler with project's scala-library version: 3.3.6[0m
2025.11.21 00:00:21 INFO  no build target found for /home/jay/B11502041_PA2/src/main/scala/cpu/Decoder.scala. Using presentation compiler with project's scala-library version: 3.3.6[0m
2025.11.21 00:00:23 INFO  no build target found for /home/jay/B11502041_PA2/src/main/scala/cpu/Decoder.scala. Using presentation compiler with project's scala-library version: 3.3.6[0m
2025.11.21 00:00:23 INFO  no build target found for /home/jay/B11502041_PA2/src/main/scala/cpu/Decoder.scala. Using presentation compiler with project's scala-library version: 3.3.6[0m
2025.11.21 00:00:25 INFO  no build target found for /home/jay/B11502041_PA2/src/main/scala/cpu/Decoder.scala. Using presentation compiler with project's scala-library version: 3.3.6[0m
2025.11.21 00:00:28 INFO  no build target found for /home/jay/B11502041_PA2/src/main/scala/cpu/Decoder.scala. Using presentation compiler with project's scala-library version: 3.3.6[0m
2025.11.21 00:00:29 INFO  no build target found for /home/jay/B11502041_PA2/src/main/scala/cpu/Decoder.scala. Using presentation compiler with project's scala-library version: 3.3.6[0m
2025.11.21 00:00:29 INFO  no build target found for /home/jay/B11502041_PA2/src/main/scala/cpu/Decoder.scala. Using presentation compiler with project's scala-library version: 3.3.6[0m
2025.11.21 00:00:31 INFO  no build target found for /home/jay/B11502041_PA2/src/main/scala/cpu/Decoder.scala. Using presentation compiler with project's scala-library version: 3.3.6[0m
2025.11.21 00:00:48 INFO  no build target found for /home/jay/B11502041_PA2/src/main/scala/cpu/Decoder.scala. Using presentation compiler with project's scala-library version: 3.3.6[0m
2025.11.21 00:00:48 INFO  no build target found for /home/jay/B11502041_PA2/src/main/scala/cpu/Decoder.scala. Using presentation compiler with project's scala-library version: 3.3.6[0m
2025.11.21 00:00:50 INFO  no build target found for /home/jay/B11502041_PA2/src/main/scala/cpu/Decoder.scala. Using presentation compiler with project's scala-library version: 3.3.6[0m
2025.11.21 00:01:01 INFO  no build target found for /home/jay/B11502041_PA2/src/main/scala/cpu/Decoder.scala. Using presentation compiler with project's scala-library version: 3.3.6[0m
2025.11.21 00:02:03 INFO  no build target found for /home/jay/B11502041_PA2/src/main/scala/cpu/Decoder.scala. Using presentation compiler with project's scala-library version: 3.3.6[0m
2025.11.21 00:02:03 INFO  no build target found for /home/jay/B11502041_PA2/src/main/scala/cpu/Decoder.scala. Using presentation compiler with project's scala-library version: 3.3.6[0m
2025.11.21 00:02:03 INFO  no build target found for /home/jay/B11502041_PA2/src/main/scala/cpu/Decoder.scala. Using presentation compiler with project's scala-library version: 3.3.6[0m
2025.11.21 00:02:04 INFO  no build target found for /home/jay/B11502041_PA2/src/main/scala/cpu/Decoder.scala. Using presentation compiler with project's scala-library version: 3.3.6[0m
2025.11.21 00:02:06 INFO  no build target found for /home/jay/B11502041_PA2/src/main/scala/cpu/Decoder.scala. Using presentation compiler with project's scala-library version: 3.3.6[0m
2025.11.21 00:02:06 INFO  no build target found for /home/jay/B11502041_PA2/src/main/scala/cpu/Decoder.scala. Using presentation compiler with project's scala-library version: 3.3.6[0m
2025.11.21 00:02:06 INFO  no build target found for /home/jay/B11502041_PA2/src/main/scala/cpu/Decoder.scala. Using presentation compiler with project's scala-library version: 3.3.6[0m
2025.11.21 00:02:08 INFO  no build target found for /home/jay/B11502041_PA2/src/main/scala/cpu/Decoder.scala. Using presentation compiler with project's scala-library version: 3.3.6[0m
2025.11.21 00:02:11 INFO  no build target found for /home/jay/B11502041_PA2/src/main/scala/cpu/Decoder.scala. Using presentation compiler with project's scala-library version: 3.3.6[0m
2025.11.21 00:02:11 INFO  no build target found for /home/jay/B11502041_PA2/src/main/scala/cpu/Decoder.scala. Using presentation compiler with project's scala-library version: 3.3.6[0m
2025.11.21 00:02:12 INFO  no build target found for /home/jay/B11502041_PA2/src/main/scala/cpu/Decoder.scala. Using presentation compiler with project's scala-library version: 3.3.6[0m
2025.11.21 00:02:13 INFO  no build target found for /home/jay/B11502041_PA2/src/main/scala/cpu/Decoder.scala. Using presentation compiler with project's scala-library version: 3.3.6[0m
2025.11.21 00:02:13 INFO  no build target found for /home/jay/B11502041_PA2/src/main/scala/cpu/Decoder.scala. Using presentation compiler with project's scala-library version: 3.3.6[0m
2025.11.21 00:02:13 INFO  no build target found for /home/jay/B11502041_PA2/src/main/scala/cpu/Decoder.scala. Using presentation compiler with project's scala-library version: 3.3.6[0m
2025.11.21 00:02:13 INFO  no build target found for /home/jay/B11502041_PA2/src/main/scala/cpu/Decoder.scala. Using presentation compiler with project's scala-library version: 3.3.6[0m
2025.11.21 00:02:13 INFO  no build target found for /home/jay/B11502041_PA2/src/main/scala/cpu/Decoder.scala. Using presentation compiler with project's scala-library version: 3.3.6[0m
2025.11.21 00:02:13 INFO  no build target found for /home/jay/B11502041_PA2/src/main/scala/cpu/Decoder.scala. Using presentation compiler with project's scala-library version: 3.3.6[0m
2025.11.21 00:02:16 INFO  no build target found for /home/jay/B11502041_PA2/src/main/scala/cpu/Decoder.scala. Using presentation compiler with project's scala-library version: 3.3.6[0m
2025.11.21 00:02:16 INFO  no build target found for /home/jay/B11502041_PA2/src/main/scala/cpu/Decoder.scala. Using presentation compiler with project's scala-library version: 3.3.6[0m
2025.11.21 00:02:16 INFO  no build target found for /home/jay/B11502041_PA2/src/main/scala/cpu/Decoder.scala. Using presentation compiler with project's scala-library version: 3.3.6[0m
2025.11.21 00:02:16 INFO  no build target found for /home/jay/B11502041_PA2/src/main/scala/cpu/Decoder.scala. Using presentation compiler with project's scala-library version: 3.3.6[0m
2025.11.21 00:02:16 INFO  no build target found for /home/jay/B11502041_PA2/src/main/scala/cpu/Decoder.scala. Using presentation compiler with project's scala-library version: 3.3.6[0m
2025.11.21 00:02:16 INFO  no build target found for /home/jay/B11502041_PA2/src/main/scala/cpu/Decoder.scala. Using presentation compiler with project's scala-library version: 3.3.6[0m
2025.11.21 00:02:16 INFO  no build target found for /home/jay/B11502041_PA2/src/main/scala/cpu/Decoder.scala. Using presentation compiler with project's scala-library version: 3.3.6[0m
2025.11.21 00:02:16 INFO  no build target found for /home/jay/B11502041_PA2/src/main/scala/cpu/Decoder.scala. Using presentation compiler with project's scala-library version: 3.3.6[0m
2025.11.21 00:02:16 INFO  no build target found for /home/jay/B11502041_PA2/src/main/scala/cpu/Decoder.scala. Using presentation compiler with project's scala-library version: 3.3.6[0m
2025.11.21 00:02:17 INFO  no build target found for /home/jay/B11502041_PA2/src/main/scala/cpu/Decoder.scala. Using presentation compiler with project's scala-library version: 3.3.6[0m
2025.11.21 00:02:17 INFO  no build target found for /home/jay/B11502041_PA2/src/main/scala/cpu/Decoder.scala. Using presentation compiler with project's scala-library version: 3.3.6[0m
2025.11.21 00:02:17 INFO  no build target found for /home/jay/B11502041_PA2/src/main/scala/cpu/Decoder.scala. Using presentation compiler with project's scala-library version: 3.3.6[0m
2025.11.21 00:02:16 INFO  no build target found for /home/jay/B11502041_PA2/src/main/scala/cpu/Decoder.scala. Using presentation compiler with project's scala-library version: 3.3.6[0m
2025.11.21 00:02:17 INFO  no build target found for /home/jay/B11502041_PA2/src/main/scala/cpu/Decoder.scala. Using presentation compiler with project's scala-library version: 3.3.6[0m
2025.11.21 00:02:17 INFO  no build target found for /home/jay/B11502041_PA2/src/main/scala/cpu/Decoder.scala. Using presentation compiler with project's scala-library version: 3.3.6[0m
2025.11.21 00:02:18 INFO  no build target found for /home/jay/B11502041_PA2/src/main/scala/cpu/Decoder.scala. Using presentation compiler with project's scala-library version: 3.3.6[0m
2025.11.21 00:02:20 INFO  no build target found for /home/jay/B11502041_PA2/src/main/scala/cpu/Decoder.scala. Using presentation compiler with project's scala-library version: 3.3.6[0m
2025.11.21 00:02:20 INFO  no build target found for /home/jay/B11502041_PA2/src/main/scala/cpu/Decoder.scala. Using presentation compiler with project's scala-library version: 3.3.6[0m
2025.11.21 00:02:20 INFO  no build target found for /home/jay/B11502041_PA2/src/main/scala/cpu/Decoder.scala. Using presentation compiler with project's scala-library version: 3.3.6[0m
2025.11.21 00:02:20 INFO  no build target found for /home/jay/B11502041_PA2/src/main/scala/cpu/Decoder.scala. Using presentation compiler with project's scala-library version: 3.3.6[0m
2025.11.21 00:02:20 INFO  no build target found for /home/jay/B11502041_PA2/src/main/scala/cpu/Decoder.scala. Using presentation compiler with project's scala-library version: 3.3.6[0m
2025.11.21 00:02:21 INFO  no build target found for /home/jay/B11502041_PA2/src/main/scala/cpu/Decoder.scala. Using presentation compiler with project's scala-library version: 3.3.6[0m
2025.11.21 00:02:21 INFO  no build target found for /home/jay/B11502041_PA2/src/main/scala/cpu/Decoder.scala. Using presentation compiler with project's scala-library version: 3.3.6[0m
2025.11.21 00:02:21 INFO  no build target found for /home/jay/B11502041_PA2/src/main/scala/cpu/Decoder.scala. Using presentation compiler with project's scala-library version: 3.3.6[0m
2025.11.21 00:02:22 INFO  no build target found for /home/jay/B11502041_PA2/src/main/scala/cpu/Decoder.scala. Using presentation compiler with project's scala-library version: 3.3.6[0m
2025.11.21 00:02:25 INFO  no build target found for /home/jay/B11502041_PA2/src/main/scala/cpu/Decoder.scala. Using presentation compiler with project's scala-library version: 3.3.6[0m
2025.11.21 00:02:28 INFO  no build target found for /home/jay/B11502041_PA2/src/main/scala/cpu/Decoder.scala. Using presentation compiler with project's scala-library version: 3.3.6[0m
2025.11.21 00:02:28 INFO  no build target found for /home/jay/B11502041_PA2/src/main/scala/cpu/Decoder.scala. Using presentation compiler with project's scala-library version: 3.3.6[0m
2025.11.21 00:02:28 INFO  no build target found for /home/jay/B11502041_PA2/src/main/scala/cpu/Decoder.scala. Using presentation compiler with project's scala-library version: 3.3.6[0m
2025.11.21 00:02:38 INFO  no build target found for /home/jay/B11502041_PA2/src/main/scala/cpu/Decoder.scala. Using presentation compiler with project's scala-library version: 3.3.6[0m
2025.11.21 00:02:38 INFO  no build target found for /home/jay/B11502041_PA2/src/main/scala/cpu/Decoder.scala. Using presentation compiler with project's scala-library version: 3.3.6[0m
2025.11.21 00:02:38 INFO  no build target found for /home/jay/B11502041_PA2/src/main/scala/cpu/Decoder.scala. Using presentation compiler with project's scala-library version: 3.3.6[0m
2025.11.21 00:08:58 WARN  no build target for: /home/jay/B11502041_PA2/src/main/scala/cpu/Decoder.scala[0m
2025.11.21 00:08:58 INFO  no build target found for /home/jay/B11502041_PA2/src/main/scala/cpu/Decoder.scala. Using presentation compiler with project's scala-library version: 3.3.6[0m
2025.11.21 00:08:58 INFO  no build target found for /home/jay/B11502041_PA2/src/main/scala/cpu/Decoder.scala. Using presentation compiler with project's scala-library version: 3.3.6[0m
2025.11.21 00:08:58 INFO  no build target found for /home/jay/B11502041_PA2/src/main/scala/cpu/Decoder.scala. Using presentation compiler with project's scala-library version: 3.3.6[0m
2025.11.21 00:09:08 INFO  no build target found for /home/jay/B11502041_PA2/src/main/scala/cpu/Decoder.scala. Using presentation compiler with project's scala-library version: 3.3.6[0m
2025.11.21 00:09:08 INFO  no build target found for /home/jay/B11502041_PA2/src/main/scala/cpu/Decoder.scala. Using presentation compiler with project's scala-library version: 3.3.6[0m
2025.11.21 00:09:08 WARN  no build target for: /home/jay/B11502041_PA2/src/main/scala/cpu/Decoder.scala[0m
2025.11.21 00:09:08 INFO  no build target found for /home/jay/B11502041_PA2/src/main/scala/cpu/Decoder.scala. Using presentation compiler with project's scala-library version: 3.3.6[0m
2025.11.21 00:09:08 INFO  no build target found for /home/jay/B11502041_PA2/src/main/scala/cpu/Decoder.scala. Using presentation compiler with project's scala-library version: 3.3.6[0m
2025.11.21 00:09:08 INFO  no build target found for /home/jay/B11502041_PA2/src/main/scala/cpu/Decoder.scala. Using presentation compiler with project's scala-library version: 3.3.6[0m
2025.11.21 00:09:08 INFO  no build target found for /home/jay/B11502041_PA2/src/main/scala/cpu/Bundles.scala. Using presentation compiler with project's scala-library version: 3.3.6[0m
2025.11.21 00:09:09 WARN  no build target for: /home/jay/B11502041_PA2/src/main/scala/cpu/Bundles.scala[0m
2025.11.21 00:09:09 INFO  no build target found for /home/jay/B11502041_PA2/src/main/scala/cpu/Bundles.scala. Using presentation compiler with project's scala-library version: 3.3.6[0m
2025.11.21 00:09:10 INFO  no build target found for /home/jay/B11502041_PA2/src/main/scala/cpu/Decoder.scala. Using presentation compiler with project's scala-library version: 3.3.6[0m
2025.11.21 00:09:10 WARN  no build target for: /home/jay/B11502041_PA2/src/main/scala/cpu/Decoder.scala[0m
2025.11.21 00:09:10 INFO  no build target found for /home/jay/B11502041_PA2/src/main/scala/cpu/Decoder.scala. Using presentation compiler with project's scala-library version: 3.3.6[0m
2025.11.21 00:09:10 INFO  no build target found for /home/jay/B11502041_PA2/src/main/scala/cpu/Decoder.scala. Using presentation compiler with project's scala-library version: 3.3.6[0m
2025.11.21 00:09:10 INFO  no build target found for /home/jay/B11502041_PA2/src/main/scala/cpu/Decoder.scala. Using presentation compiler with project's scala-library version: 3.3.6[0m
2025.11.21 00:09:11 INFO  no build target found for /home/jay/B11502041_PA2/src/main/scala/cpu/Decoder.scala. Using presentation compiler with project's scala-library version: 3.3.6[0m
2025.11.21 00:09:11 WARN  no build target for: /home/jay/B11502041_PA2/src/main/scala/cpu/Decoder.scala[0m
2025.11.21 00:09:11 INFO  no build target found for /home/jay/B11502041_PA2/src/main/scala/cpu/Decoder.scala. Using presentation compiler with project's scala-library version: 3.3.6[0m
2025.11.21 00:09:12 INFO  no build target found for /home/jay/B11502041_PA2/src/main/scala/cpu/Decoder.scala. Using presentation compiler with project's scala-library version: 3.3.6[0m
Nov 21, 2025 12:09:18 AM org.eclipse.lsp4j.jsonrpc.services.GenericEndpoint notify
INFO: Unsupported notification method: $/setTrace
2025.11.21 00:09:32 INFO  no build target found for /home/jay/B11502041_PA2/src/main/scala/cpu/InstMem.scala. Using presentation compiler with project's scala-library version: 3.3.6[0m
2025.11.21 00:09:32 INFO  no build target found for /home/jay/B11502041_PA2/src/main/scala/cpu/InstMem.scala. Using presentation compiler with project's scala-library version: 3.3.6[0m
2025.11.21 00:09:34 INFO  no build target found for /home/jay/B11502041_PA2/src/main/scala/cpu/InstMem.scala. Using presentation compiler with project's scala-library version: 3.3.6[0m
2025.11.21 00:09:44 INFO  no build target found for /home/jay/B11502041_PA2/build.sbt. Using presentation compiler with project's scala-library version: 3.3.6[0m
2025.11.21 00:09:44 INFO  no build target found for /home/jay/B11502041_PA2/build.sbt. Using presentation compiler with project's scala-library version: 3.3.6[0m
2025.11.21 00:09:45 INFO  no build target found for /home/jay/B11502041_PA2/build.sbt. Using presentation compiler with project's scala-library version: 3.3.6[0m
2025.11.21 00:09:44 INFO  no build target found for /home/jay/B11502041_PA2/src/main/scala/cpu/Decoder.scala. Using presentation compiler with project's scala-library version: 3.3.6[0m
2025.11.21 00:09:44 INFO  no build target found for /home/jay/B11502041_PA2/build.sbt. Using presentation compiler with project's scala-library version: 3.3.6[0m
2025.11.21 00:09:44 INFO  no build target found for /home/jay/B11502041_PA2/src/main/scala/cpu/Decoder.scala. Using presentation compiler with project's scala-library version: 3.3.6[0m
2025.11.21 00:09:44 INFO  no build target found for /home/jay/B11502041_PA2/build.sbt. Using presentation compiler with project's scala-library version: 3.3.6[0m
2025.11.21 00:09:44 INFO  no build target found for /home/jay/B11502041_PA2/src/main/scala/cpu/Decoder.scala. Using presentation compiler with project's scala-library version: 3.3.6[0m
2025.11.21 00:09:44 INFO  no build target found for /home/jay/B11502041_PA2/build.sbt. Using presentation compiler with project's scala-library version: 3.3.6[0m
Nov 21, 2025 12:09:45 AM org.eclipse.lsp4j.jsonrpc.RemoteEndpoint handleCancellation
WARNING: Unmatched cancel notification for request id 2782
Nov 21, 2025 12:09:45 AM org.eclipse.lsp4j.jsonrpc.RemoteEndpoint handleCancellation
WARNING: Unmatched cancel notification for request id 2783
2025.11.21 00:09:44 INFO  no build target found for /home/jay/B11502041_PA2/build.sbt. Using presentation compiler with project's scala-library version: 3.3.6[0m
2025.11.21 00:09:46 INFO  no build target found for /home/jay/B11502041_PA2/build.sbt. Using presentation compiler with project's scala-library version: 3.3.6[0m
2025.11.21 00:09:46 INFO  no build target found for /home/jay/B11502041_PA2/build.sbt. Using presentation compiler with project's scala-library version: 3.3.6[0m
2025.11.21 00:09:47 INFO  no build target found for /home/jay/B11502041_PA2/build.sbt. Using presentation compiler with project's scala-library version: 3.3.6[0m
2025.11.21 00:09:53 INFO  no build target found for /home/jay/B11502041_PA2/build.sbt. Using presentation compiler with project's scala-library version: 3.3.6[0m
2025.11.21 00:10:16 WARN  no build target for: /home/jay/B11502041_PA2/src/main/scala/cpu/Decoder.scala[0m
2025.11.21 00:10:16 INFO  no build target found for /home/jay/B11502041_PA2/src/main/scala/cpu/Decoder.scala. Using presentation compiler with project's scala-library version: 3.3.6[0m
2025.11.21 00:10:16 INFO  no build target found for /home/jay/B11502041_PA2/src/main/scala/cpu/Decoder.scala. Using presentation compiler with project's scala-library version: 3.3.6[0m
2025.11.21 00:10:16 INFO  no build target found for /home/jay/B11502041_PA2/build.sbt. Using presentation compiler with project's scala-library version: 3.3.6[0m
2025.11.21 00:10:16 INFO  no build target found for /home/jay/B11502041_PA2/src/main/scala/cpu/PCHandle.scala. Using presentation compiler with project's scala-library version: 3.3.6[0m
2025.11.21 00:10:16 WARN  no build target for: /home/jay/B11502041_PA2/src/main/scala/cpu/PCHandle.scala[0m
2025.11.21 00:10:16 INFO  no build target found for /home/jay/B11502041_PA2/src/main/scala/cpu/Decoder.scala. Using presentation compiler with project's scala-library version: 3.3.6[0m
2025.11.21 00:10:17 INFO  no build target found for /home/jay/B11502041_PA2/build.sbt. Using presentation compiler with project's scala-library version: 3.3.6[0m
2025.11.21 00:10:17 INFO  no build target found for /home/jay/B11502041_PA2/src/main/scala/cpu/PCHandle.scala. Using presentation compiler with project's scala-library version: 3.3.6[0m
